timestamp,temperature,humidity,wind,rain,light_intensity
2025-06-18 12:00:19,26.6,64.2,0.67,0,6999.17
2025-06-18 12:01:19,27.2,66.3,0.22,0,6782.5
2025-06-18 12:02:20,27.7,63.4,0,0,6555
2025-06-18 12:03:19,28.1,65.1,0,0,6794.17
2025-06-18 12:04:19,28.4,62.6,0,0,6835.83
2025-06-18 12:05:18,28.7,61.6,0,0,6571.67
2025-06-18 12:06:18,28.9,60.9,0,0,6748.33
2025-06-18 12:07:19,29.1,62.8,0,0,7237.5
2025-06-18 12:08:19,29.3,60.9,0,0,7706.67
2025-06-18 12:09:19,29.4,62.4,0,0,7835
2025-06-18 12:10:18,29.7,60.4,0,0,7661.67
2025-06-18 12:11:18,29.9,59.4,0,0,7204.17
2025-06-18 12:12:19,30.1,58.1,0,0,6936.67
2025-06-18 12:13:18,30.1,57.2,0,0,6879.17
2025-06-18 12:15:19,29.9,58.6,0.67,0,6761.67
2025-06-18 12:16:18,29.9,60.3,1.33,0,6845.83
2025-06-18 12:17:18,29.9,60.4,0.44,0,6826.67
2025-06-18 12:18:19,29.7,57.4,0.67,0,6658.33
2025-06-18 12:19:18,29.4,59.3,0.22,0,6925.83
2025-06-18 12:20:18,29.5,57,0,0,7687.5
2025-06-18 12:21:18,29.6,55.9,0.44,0,6797.5
2025-06-18 12:22:19,29.3,59.8,0.89,0,6200.83
2025-06-18 12:23:20,29.3,58.2,0,0,6212.5
2025-06-18 12:24:18,29.2,55.1,1.33,0,6420.83
2025-06-18 12:25:18,29.1,56.5,0.89,0,6075
2025-06-18 12:28:19,28.8,58.2,0,0,6346.67
2025-06-18 12:29:18,29,58.8,0,0,6378.33
2025-06-18 12:30:18,29,59.2,0.67,0,7530.83
2025-06-18 12:31:18,29.1,58.5,0.22,0,6059.17
2025-06-18 12:32:19,29.3,61.2,0,0,6337.5
2025-06-18 12:33:19,29.3,57.9,0.22,0,6233.33
2025-06-18 12:34:21,29.1,56.9,2.22,0,5849.17
2025-06-18 12:35:18,28.8,57,0.89,0,6047.5
2025-06-18 12:36:18,28.7,57.3,0,0,6411.67
2025-06-18 12:37:19,28.7,57.3,0,0,6536.67
2025-06-18 12:38:18,28.7,54.5,0,0,6190.83
2025-06-18 12:39:18,28.7,55.3,0.22,0,6020.83
2025-06-18 12:40:18,28.7,59.2,0,0,6345
2025-06-18 12:41:19,28.7,53.6,0.89,0,6514.17
2025-06-18 12:42:18,28.8,59.1,0,0,6886.67
2025-06-18 12:43:18,29,60,0,0,6050.83
2025-06-18 12:44:19,29,59.6,0,0,5862.5
2025-06-18 12:45:18,29,60.6,0,0,6376.67
2025-06-18 12:46:18,29.2,57.3,0.22,0,6555
2025-06-18 12:47:21,29.2,57.4,0.44,0,7110
2025-06-18 12:48:20,29.4,56.4,0,0,6239.17
2025-06-18 12:49:18,29.5,58.3,0.67,0,5994.17
2025-06-18 12:50:19,29.3,52.1,1.78,0,6753.33
2025-06-18 12:51:19,29.2,52.1,0.89,0,7353.33
2025-06-18 12:52:18,29.3,52.8,0.44,0,6692.5
2025-06-18 12:53:18,29.4,53.9,0.44,0,7096.67
2025-06-18 12:54:18,29.4,55.1,1.11,0,6126.67
2025-06-18 12:55:19,29.5,55.2,0.44,0,5385
2025-06-18 12:56:19,29.7,53.7,0,0,5165
2025-06-18 12:57:18,29.6,54.4,0,0,6735.83
2025-06-18 12:58:18,29.5,52.9,4.44,0,6292.5
2025-06-18 12:59:18,29.5,51.1,1.78,0,5184.17
2025-06-18 13:00:18,29.2,52.1,1.33,0,6085
2025-06-18 17:01:40,27.9,49,0,0,1438.33
2025-06-18 17:02:38,27.7,49.1,0,0,1415
2025-06-18 17:04:14,27.4,50.1,0,0,1406.67
2025-06-18 17:05:36,27.2,47.9,0,0,1380.83
2025-06-18 17:08:15,27.1,51.3,0,0,1365
2025-06-18 17:09:15,27,50.4,0.22,0,1365
2025-06-18 17:10:16,27,50.6,0,0,1337.5
2025-06-18 17:11:15,27,49.9,0.67,0,1354.17
2025-06-18 17:12:15,26.9,51,0,0,1336.67
2025-06-18 17:13:15,26.9,51.7,0,0,1325
2025-06-18 17:14:15,26.9,51.6,0,0,1313.33
2025-06-18 17:15:15,26.8,51.1,2.22,0,1285
2025-06-18 17:16:15,26.7,50.8,2.22,0,1268.33
2025-06-18 17:17:15,26.7,51.6,4.67,0,1245
2025-06-18 17:18:15,26.7,51.3,0,0,1229.17
2025-06-18 17:19:14,26.6,54,0,0,1217.5
2025-06-18 17:20:15,26.6,52.3,0,0,1237.5
2025-06-18 17:21:15,26.6,50.5,5.11,0,1221.67
2025-06-18 17:22:15,26.5,51.8,4.67,0,1239.17
2025-06-18 17:23:15,26.5,52.5,0.89,0,1230.83
2025-06-18 17:24:15,26.5,50.2,5.56,0,1264.17
2025-06-18 17:25:17,26.5,51.9,0.22,0,1302.5
2025-06-18 17:26:15,26.5,50.1,3.11,0,1330
2025-06-18 17:27:17,26.5,50.9,0.67,0,1400.83
2025-06-18 17:28:15,26.4,52.8,0,0,1433.33
2025-06-18 17:29:15,26.4,51.9,0,0,1341.67
2025-06-18 17:30:15,26.4,52.5,0,0,1355.83
2025-06-18 17:31:15,26.4,51.8,2.22,0,1410.83
2025-06-18 17:32:17,26.4,50.8,6.67,0,1393.33
2025-06-18 17:33:15,26.4,52.4,0,0,1323.33
2025-06-18 17:34:21,26.4,52.8,0,0,1322.5
2025-06-18 17:35:15,26.3,52.6,2.22,0,1300
2025-06-18 17:36:14,26.3,50.6,2.44,0,1301.67
2025-06-18 17:37:15,26.3,51,0.89,0,1297.5
2025-06-18 17:38:16,26.3,51.2,5.78,0,1266.67
2025-06-18 17:39:15,26.4,51.9,7.33,0,1276.67
2025-06-18 17:40:19,26.4,53.4,0.22,0,1232.5
2025-06-18 17:41:16,26.3,51.9,1.56,0,1231.67
2025-06-18 17:42:15,26.3,52.4,0,0,1255.83
2025-06-18 17:43:15,26.3,51.6,6,0,1182.5
2025-06-18 17:44:15,26.2,53.1,0.44,0,1169.17
2025-06-18 17:45:19,26.2,52.5,3.33,0,1146.67
2025-06-18 17:46:15,26.1,52.2,0,0,1151.67
2025-06-18 17:47:15,26.1,53.1,1.56,0,1098.33
2025-06-18 17:48:16,26.1,54.1,0,0,1039.17
2025-06-18 17:49:15,26.1,52.8,0.44,0,948.33
2025-06-18 17:50:15,26,54.6,0.89,0,875
2025-06-18 17:51:15,26,52.8,2.67,0,805
2025-06-18 17:52:15,26,54,2.22,0,744.17
2025-06-18 17:53:15,25.9,56.1,1.11,0,685
2025-06-18 17:54:16,25.8,53.9,2,0,628.33
2025-06-18 17:55:15,25.8,55.7,0.89,0,583.33
2025-06-18 17:56:15,25.7,55.8,0,0,552.5
2025-06-18 17:57:15,25.6,55.7,0,0,506.67
2025-06-18 17:58:15,25.6,56.3,0,0,481.67
2025-06-18 17:59:16,25.5,56.2,0.44,0,448.33
2025-06-18 18:00:14,25.5,55.8,0.22,0,425
2025-06-19 12:00:14,30.8,42.1,0,0,6820
2025-06-19 12:01:14,30.9,40.9,6.22,0,6620
2025-06-19 12:02:14,31.1,41.2,2.22,0,6603.33
2025-06-19 12:03:14,31.1,42.9,3.56,0,6561.67
2025-06-19 12:04:13,31.2,40.9,1.78,0,6604.17
2025-06-19 12:05:14,30.8,40,12.44,0,6792.5
2025-06-19 12:06:14,30.9,43.4,2.22,0,6785
2025-06-19 12:07:14,30.8,41.1,8,0,6519.17
2025-06-19 12:08:13,31,43,1.33,0,6625
2025-06-19 12:09:14,30.8,39.9,11.33,0,6938.33
2025-06-19 12:10:14,30.9,40.3,3.56,0,7313.33
2025-06-19 12:11:14,31.2,40.6,1.78,0,8010.83
2025-06-19 12:12:14,31.4,44.2,5.78,0,7388.33
2025-06-19 12:13:14,31.2,38.5,10.22,0,7383.33
2025-06-19 12:14:13,31.2,41.5,7.78,0,9074.17
2025-06-19 12:15:15,31.5,43.1,2.22,0,8738.33
2025-06-19 12:17:17,32.5,39.5,0,0,10440
2025-06-19 12:18:16,32.5,38.8,15.78,0,9933.33
2025-06-19 12:19:17,32.5,41,8.44,0,9922.5
2025-06-19 12:20:18,32.6,39,10.44,0,8797.5
2025-06-19 12:21:17,33.1,39.5,5.33,0,7055
2025-06-19 12:22:17,32.4,40,18,0,7561.67
2025-06-19 12:23:17,32.1,38.7,6.22,0,7912.5
2025-06-19 12:24:18,31.8,39.6,17.11,0,6795.83
2025-06-19 12:25:17,31.6,39.8,8.89,0,6831.67
2025-06-19 12:26:17,31.7,41.2,5.78,0,7362.5
2025-06-19 12:27:18,31.7,42.3,4.89,0,8557.5
2025-06-19 12:28:17,31.9,41.5,6.22,0,9888.33
2025-06-19 12:29:16,32.2,41.2,4.22,0,10495
2025-06-19 12:30:17,32.7,43.6,3.78,0,9164.17
2025-06-19 12:31:18,33.3,41.8,2.67,0,9375.83
2025-06-19 12:32:17,33,38.1,11.78,0,7835.83
2025-06-19 12:33:20,32.9,37.7,4.44,0,7181.67
2025-06-19 12:34:17,32.4,39.4,13.78,0,7530.83
2025-06-19 12:35:17,31.7,39.6,16.89,0,7763.33
2025-06-19 12:36:19,31.6,40.3,14.67,0,9607.5
2025-06-19 12:37:17,31.6,39.3,11.11,0,9836.67
2025-06-19 12:38:20,32,41.5,6.89,0,9565.83
2025-06-19 12:39:19,31.9,40.3,18.89,0,7715
2025-06-19 12:40:17,32,40,12.22,0,7151.67
2025-06-19 12:41:17,32.1,40.2,5.11,0,6876.67
2025-06-19 12:42:17,32.3,39.6,1.11,0,7978.33
2025-06-19 12:43:17,32.2,39.4,5.33,0,7032.5
2025-06-19 12:44:18,32.2,39.5,2.22,0,9662.5
2025-06-19 12:45:16,32.3,40.3,4.44,0,10049.17
2025-06-19 12:47:16,32.5,39.3,2.89,0,8497.5
2025-06-19 12:48:17,32.8,37.6,10,0,8244.17
2025-06-19 12:49:17,32.7,37.9,9.56,0,8278.33
2025-06-19 12:50:17,32.7,38.4,8.89,0,8295.83
2025-06-19 12:51:17,32.8,38.2,3.56,0,9525.83
2025-06-19 12:52:17,32.8,39.4,16.89,0,10098.33
2025-06-19 12:53:17,33,35.5,9.78,0,10159.17
2025-06-19 12:54:17,32.9,38.5,13.78,0,9815.83
2025-06-19 12:55:17,33.2,35.2,11.78,0,8515
2025-06-19 12:56:17,32.6,36.1,27.78,0,8485.83
2025-06-19 12:57:16,32.4,36.6,20.67,0,7724.17
2025-06-19 12:58:16,32.6,39.3,6.22,0,7849.17
2025-06-19 12:59:17,32.7,38.8,7.56,0,8050
2025-06-19 13:00:16,32.9,39,3.11,0,8017.5
2025-06-19 17:00:05,29.2,47,2.44,0,1522.5
2025-06-19 17:01:00,29.1,47.5,5.11,0,1435
2025-06-19 17:01:57,29,48,6.44,0,1427.5
2025-06-19 17:03:00,28.9,48.1,3.33,0,1390
2025-06-19 17:03:58,28.9,48.1,0,0,1362.5
2025-06-19 17:04:59,28.8,49.1,0,0,1305
2025-06-19 17:05:57,28.8,48.1,6.22,0,1319.17
2025-06-19 17:07:00,28.7,48.3,4,0,1300.83
2025-06-19 17:07:57,28.5,48.1,8,0,1271.67
2025-06-19 17:09:01,28.5,47.6,10.67,0,1283.33
2025-06-19 17:09:57,28.5,48.1,7.78,0,1244.17
2025-06-19 17:10:59,28.5,48.3,0,0,1258.33
2025-06-19 17:11:57,28.4,49.7,0,0,1270.83
2025-06-19 17:12:57,28.4,48.4,3.11,0,1285
2025-06-19 17:13:57,28.2,48.1,4.22,0,1235
2025-06-19 17:14:57,28.2,48.7,0.67,0,1250.83
2025-06-19 17:15:57,28.1,48.9,0,0,1255.83
2025-06-19 17:17:02,28.1,48,1.78,0,1221.67
2025-06-19 17:17:57,28.1,49,0,0,1224.17
2025-06-19 17:18:58,28.1,49.3,1.78,0,1204.17
2025-06-19 17:20:58,28.1,48.9,1.56,0,1205
2025-06-19 17:21:57,28.1,49.5,0.22,0,1218.33
2025-06-19 17:22:58,28.1,48.8,2.22,0,1288.33
2025-06-19 17:23:57,28.1,49.4,3.33,0,1360
2025-06-19 17:25:01,28.1,49.5,0,0,1371.67
2025-06-19 17:25:59,28.1,49.4,1.33,0,1458.33
2025-06-19 17:26:57,28.1,49.4,1.11,0,1726.67
2025-06-19 17:28:00,28.1,49.2,2.44,0,1895
2025-06-19 17:28:57,28.1,49.7,2.22,0,1742.5
2025-06-19 17:30:00,28.1,47.5,2.67,0,1490
2025-06-19 17:30:59,28.1,48.8,2,0,1480
2025-06-19 17:31:57,28.1,49.4,0,0,1501.67
2025-06-19 17:32:58,28.1,49.5,0,0,1538.33
2025-06-19 17:34:00,28.1,49.3,0.44,0,1489.17
2025-06-19 17:34:57,28.1,50.5,1.11,0,1462.5
2025-06-19 17:36:01,28.1,50,0,0,1465
2025-06-19 17:36:57,28,49.4,0.22,0,1390
2025-06-19 17:37:58,28,50.9,0.44,0,1369.17
2025-06-19 17:38:57,27.9,50.8,0.67,0,1319.17
2025-06-19 17:39:57,27.9,49.5,1.11,0,1317.5
2025-06-19 17:40:58,27.8,50.8,0,0,1287.5
2025-06-19 17:41:58,27.8,51,0,0,1259.17
2025-06-19 17:42:58,27.7,50.2,0,0,1240
2025-06-19 17:43:58,27.6,50.6,0,0,1190
2025-06-19 17:45:00,27.6,51.5,0,0,1147.5
2025-06-19 17:45:58,27.5,50.6,0,0,1115.83
2025-06-19 17:46:57,27.5,51.7,0,0,1090.83
2025-06-19 17:48:00,27.5,52.2,0,0,1080
2025-06-19 17:48:58,27.4,52,0,0,1071.67
2025-06-19 17:49:59,27.4,52.3,0,0,1335
2025-06-19 17:50:58,27.4,52.5,0,0,1044.17
2025-06-19 17:51:58,27.3,52.2,1.56,0,1056.67
2025-06-19 17:52:57,27.3,52.5,0.44,0,1035.83
2025-06-19 17:53:57,27.3,52.9,0,0,1021.67
2025-06-19 17:54:57,27.3,53.6,0,0,990
2025-06-19 17:56:00,27.3,53.9,0.44,0,976.67
2025-06-19 17:56:57,27.3,53.6,0,0,950
2025-06-19 17:57:57,27.3,53.4,0.89,0,921.67
2025-06-19 17:58:57,27.2,54.1,4.89,0,890
2025-06-19 17:59:57,27.2,53.8,0.67,0,840
2025-06-19 18:00:57,27.2,54.2,0.44,0,803.33
2025-06-25 12:00:25,28.4,64.2,5.56,0,8658.33
2025-06-25 12:01:28,28.3,63.3,3.11,0,8518.33
2025-06-25 12:02:25,28.2,63.9,1.33,0,8936.67
2025-06-25 12:03:25,28.3,65,2.67,0,9117.5
2025-06-25 12:04:25,28.6,64.8,2.67,0,8951.67
2025-06-25 12:05:25,28.7,64.5,5.33,0,9300.83
2025-06-25 12:06:25,28.7,64.9,4.67,0,9045.83
2025-06-25 12:07:25,28.7,65,5.78,0,9023.33
2025-06-25 12:08:25,28.6,62.9,5.78,0,8997.5
2025-06-25 12:09:24,28.4,63.5,5.11,0,9025
2025-06-25 12:10:25,28.6,64.1,2.67,0,9562.5
2025-06-25 12:11:25,28.8,64.9,2,0,9399.17
2025-06-25 12:12:25,29,63.3,2.22,0,9646.67
2025-06-25 12:13:25,29.3,61.3,3.56,0,9193.33
2025-06-25 12:14:25,29,61.4,9.11,0,9613.33
2025-06-25 12:15:25,28.8,62.1,2.67,0,9641.67
2025-06-25 12:16:24,28.8,62.8,4.89,0,10012.5
2025-06-25 12:17:25,28.9,62.2,2.44,0,10374.17
2025-06-25 12:18:27,29.1,61.8,2,0,10313.33
2025-06-25 12:19:27,29.1,63.8,4.22,0,10021.67
2025-06-25 12:20:24,29.7,62.6,1.11,0,9703.33
2025-06-25 12:21:25,30.1,61.7,4.67,0,9888.33
2025-06-25 12:22:27,30.1,59.6,3.33,0,9571.67
2025-06-25 12:23:25,30.2,59.7,0,0,10145.83
2025-06-25 12:24:24,30.4,58.4,0.44,0,10084.17
2025-06-25 12:26:24,30.3,59,1.56,0,9681.67
2025-06-25 12:27:25,30,57.9,3.56,0,9206.67
2025-06-25 12:28:28,29.9,56.2,0.67,0,9775.83
2025-06-25 12:29:25,29.7,60.4,1.33,0,9597.5
2025-06-25 12:30:24,30,60.8,5.33,0,9640.83
2025-06-25 12:31:27,30.2,60.1,4,0,8596.67
2025-06-25 12:32:24,30.4,60.9,0.44,0,8412.5
2025-06-25 12:33:33,30.2,58.7,7.11,0,9062.5
2025-06-25 12:34:24,30.2,58,6.44,0,9078.33
2025-06-25 12:35:24,30.3,57.7,1.78,0,8793.33
2025-06-25 12:36:26,30.4,57.2,0.89,0,8837.5
2025-06-25 12:37:24,30.3,56.4,1.78,0,8844.17
2025-06-25 12:38:24,30.1,57.9,2,0,8712.5
2025-06-25 12:39:25,30.1,58.7,0,0,8795.83
2025-06-25 12:40:25,30.2,59.6,0,0,8950
2025-06-25 12:41:25,30.1,59,0,0,9038.33
2025-06-25 12:42:25,30.1,62,0,0,8859.17
2025-06-25 12:43:25,30.3,59.5,0,0,9234.17
2025-06-25 12:44:24,30.3,58.7,0,0,9305.83
2025-06-25 12:45:25,30.4,58.5,0,0,9549.17
2025-06-25 12:46:25,30.4,57.8,2.44,0,9625
2025-06-25 12:47:25,30.3,57.3,9.56,0,9860.83
2025-06-25 12:48:24,30.3,59.4,8.44,0,9527.5
2025-06-25 12:49:25,30.4,58.7,5.33,0,9448.33
2025-06-25 12:50:24,30.3,58.7,10.44,0,9291.67
2025-06-25 12:51:25,30.3,59.4,6.67,0,9317.5
2025-06-25 12:52:24,30.3,59.4,0,0,8525.83
2025-06-25 12:54:28,30.2,58.9,4,0,8479.17
2025-06-25 12:55:25,30.1,60.3,7.56,0,8900.83
2025-06-25 12:56:25,30,61.3,10.44,0,9324.17
2025-06-25 12:57:28,30.1,59.2,3.78,0,8886.67
2025-06-25 12:58:28,30,59,8,0,9808.33
2025-06-25 12:59:24,30.1,57.9,0,0,9803.33
2025-06-25 13:00:25,30.3,59.7,0,0,9375
2025-06-25 17:00:25,27.8,62.7,0,0,2158.33
2025-06-25 17:01:25,27.9,62.5,1.11,0,2183.33
2025-06-25 17:02:25,27.9,62.6,0,0,2255
2025-06-25 17:03:25,27.8,62.3,7.11,0,2342.5
2025-06-25 17:04:25,27.7,63.6,1.11,0,2359.17
2025-06-25 17:05:24,27.7,65,2.89,0,2345.83
2025-06-25 17:06:24,27.7,66.6,2.44,0,2295.83
2025-06-25 17:07:25,27.7,66.8,4.89,0,2242.5
2025-06-25 17:08:25,27.6,65.9,3.11,0,2300.83
2025-06-25 17:09:25,27.7,62.1,3.78,0,2250
2025-06-25 17:10:28,27.7,62.4,3.78,0,2201.67
2025-06-25 17:11:24,27.7,61.5,1.33,0,2153.33
2025-06-25 17:12:25,27.8,61.7,2,0,2119.17
2025-06-25 17:13:24,27.9,62.9,0,0,2044.17
2025-06-25 17:14:26,27.9,59.9,2,0,2058.33
2025-06-25 17:15:24,28.1,63,10.22,0,2035.83
2025-06-25 17:16:25,29.3,61.9,19.56,0,1910.83
2025-06-25 17:17:24,29.1,62.4,7.11,0,1934.17
2025-06-25 17:18:27,28.9,64.9,8.44,0,2094.17
2025-06-25 17:19:24,28.9,64.5,11.78,0,2198.33
2025-06-25 17:20:25,28.6,65.5,10.44,0,2159.17
2025-06-25 17:21:24,28.4,65.1,7.33,0,2057.5
2025-06-25 17:22:25,28.1,67,11.78,0,1997.5
2025-06-25 17:23:29,27.7,67.2,14,0,1936.67
2025-06-25 17:24:25,27.4,68.5,13.11,0,1840.83
2025-06-25 17:25:25,27.3,69,10.67,0,1954.17
2025-06-25 17:26:25,27.1,69.9,16.89,0,1853.33
2025-06-25 17:27:25,27.1,69.3,19.78,0,1704.17
2025-06-25 17:28:25,27,70,11.33,0,1675.83
2025-06-25 17:29:25,26.9,70,12.89,0,1507.5
2025-06-25 17:30:25,26.8,69.7,7.33,0,1409.17
2025-06-25 17:31:25,26.7,70.4,14,0,1335.83
2025-06-25 17:32:25,26.6,71.3,5.78,0,1276.67
2025-06-25 17:33:28,26.6,72.3,7.11,0,1238.33
2025-06-25 17:34:24,26.6,71.4,9.33,0,1153.33
2025-06-25 17:35:24,26.5,72.1,4.22,0,1155.83
2025-06-25 17:36:24,26.4,71.9,11.11,0,1113.33
2025-06-25 17:37:25,26.4,72.2,10.89,0,1071.67
2025-06-25 17:38:25,26.3,70.5,9.33,0,1031.67
2025-06-25 17:39:24,26.2,71.4,10.22,0,1006.67
2025-06-25 17:40:25,26.1,73.5,12.67,0,987.5
2025-06-25 17:41:28,26.1,72.4,8.89,0,938.33
2025-06-25 17:42:27,26.1,72.4,9.78,0,950
2025-06-25 17:43:25,26.1,71.5,12,0,924.17
2025-06-25 17:44:25,26.1,72,9.33,0,892.5
2025-06-25 17:45:25,26.1,73.6,8.22,0,878.33
2025-06-25 17:46:24,26.1,72.5,14.89,0,823.33
2025-06-25 17:47:26,26,72.3,11.33,0,790
2025-06-25 17:48:25,26.1,73.2,11.56,0,772.5
2025-06-25 17:49:25,26,73.6,10.22,0,717.5
2025-06-25 17:50:24,26,74.1,12.44,0,716.67
2025-06-25 17:51:25,26,73.5,13.33,0,676.67
2025-06-25 17:52:25,26,73.9,7.33,0,676.67
2025-06-25 17:53:28,26,71.5,4.67,0,633.33
2025-06-25 17:54:25,26,70,12.22,0,628.33
2025-06-25 17:55:25,26,70.4,5.33,0,580
2025-06-25 17:56:25,26,71.6,7.11,0,560.83
2025-06-25 17:57:26,26,72.4,6,0,553.33
2025-06-25 17:58:24,26,73,9.33,0,526.67
2025-06-25 17:59:25,26,71.8,8,0,516.67
2025-06-25 18:00:25,26,71.6,4.44,0,512.5
2025-06-26 12:00:41,29.1,59.2,0.22,0,5256.67
2025-06-26 12:01:41,29.2,59.2,2.44,0,5081.67
2025-06-26 12:02:43,29.2,58.6,2.22,0,5090
2025-06-26 12:03:42,29,58.4,0.89,0,4945.83
2025-06-26 12:04:41,29,58.7,4.89,0,4905
2025-06-26 12:05:41,28.9,59,4.44,0,4875.83
2025-06-26 12:07:41,29.2,59.4,0,0,4765
2025-06-26 12:08:41,29.2,60.7,2.22,0,4665.83
2025-06-26 12:09:42,29.1,60.3,2.89,0,4668.33
2025-06-26 12:10:43,29.1,60.2,2.22,0,4456.67
2025-06-26 12:11:42,29.1,60,0.89,0,4310.83
2025-06-26 12:12:42,29.1,60.2,2.67,0,4255
2025-06-26 12:13:41,29.2,58.9,2.44,0,4681.67
2025-06-26 12:14:42,29.2,60.5,1.78,0,5035
2025-06-26 12:15:42,29,59.5,6.67,0,4915.83
2025-06-26 12:16:42,29,59.3,3.56,0,4941.67
2025-06-26 12:17:41,29,59.6,0.89,0,7031.67
2025-06-26 12:26:42,30.8,54.9,0,0,7744.17
2025-06-26 12:27:41,30.9,55.7,0,0,6710
2025-06-26 12:28:42,31,54.4,1.78,0,7218.33
2025-06-26 12:29:41,31.4,56.7,1.33,0,6430
2025-06-26 12:30:41,31.4,55.5,4.44,0,5914.17
2025-06-26 12:31:42,31.5,55.2,2.22,0,5497.5
2025-06-26 12:32:42,31.5,55.4,0,0,4885
2025-06-26 12:33:41,31.5,56.3,0,0,4952.5
2025-06-26 12:35:23,31.5,57.5,0,0,5389.17
2025-06-26 12:35:44,31.5,55.6,0,0,5239.17
2025-06-26 12:36:41,31.4,55.8,0,0,5341.67
2025-06-26 12:37:42,31.2,57.6,3.56,0,5554.17
2025-06-26 12:38:41,31,58.5,9.78,0,5434.17
2025-06-26 12:39:41,30.8,57.3,7.33,0,5597.5
2025-06-26 12:40:41,30.6,57.7,10.44,0,5865
2025-06-26 12:41:42,30.6,58.7,3.11,0,6390.83
2025-06-26 12:42:42,30.9,58.6,1.33,0,5820.83
2025-06-26 12:43:41,31.2,56.1,0,0,5236.67
2025-06-26 12:44:41,31,55.5,0,0,7357.5
2025-06-26 12:45:42,31.1,57.2,2.67,0,6235
2025-06-26 12:46:41,31.2,56.2,0,0,6049.17
2025-06-26 12:47:42,31.1,55.6,0,0,5542.5
2025-06-26 12:48:42,31.1,57.5,0,0,6570.83
2025-06-26 12:49:42,31.2,55.5,0,0,6111.67
2025-06-26 12:50:41,31.3,56.9,0.44,0,5683.33
2025-06-26 12:51:42,31.3,55.6,6.89,0,5408.33
2025-06-26 12:52:42,31.1,56.4,2.89,0,5506.67
2025-06-26 12:53:42,31,57,0,0,5060
2025-06-26 12:54:46,30.9,57.4,5.78,0,4675
2025-06-26 12:55:42,30.9,57.7,4.67,0,4818.33
2025-06-26 12:56:41,30.9,57.4,0,0,4639.17
2025-06-26 12:57:42,30.9,56,0,0,5425.83
2025-06-26 12:58:41,30.8,56.9,0,0,5330.83
2025-06-26 12:59:42,30.8,57.7,0.44,0,5845.83
2025-06-26 13:00:41,30.9,56.5,1.78,0,6190
2025-06-26 17:00:30,27.9,64.6,0,0,3130.83
2025-06-26 17:01:30,28,63.1,11.11,0,3127.5
2025-06-26 17:02:31,28,63.7,13.33,0,3063.33
2025-06-26 17:03:30,28,63.1,13.33,0,2913.33
2025-06-26 17:04:34,28,64.4,10.89,0,2870.83
2025-06-26 17:05:30,27.9,66.1,19.78,0,2882.5
2025-06-26 17:06:31,27.8,65.3,16.89,0,280
2025-06-26 17:07:30,27.8,64.4,14.67,0,2677.5
2025-06-26 17:08:34,27.8,64.8,11.11,0,2563.33
2025-06-26 17:09:30,27.7,65.1,14.67,0,2455.83
2025-06-26 17:10:30,27.7,66.2,9.33,0,2355.83
2025-06-26 17:11:33,27.7,66.4,9.11,0,2242.5
2025-06-26 17:12:46,27.7,67,6.67,0,2228.33
2025-06-26 17:13:34,27.7,65.4,16.44,0,2162.5
2025-06-26 17:14:30,27.6,66,10.67,0,2060
2025-06-26 17:15:34,27.6,66.5,10.67,0,2040.83
2025-06-26 17:16:30,27.6,67,11.11,0,2010.83
2025-06-26 17:17:30,27.6,65.9,6.67,0,1933.33
2025-06-26 17:18:31,27.6,65.5,16,0,1913.33
2025-06-26 17:19:31,27.6,65.3,8,0,1859.17
2025-06-26 17:20:31,27.5,65.5,12,0,1803.33
2025-06-26 17:21:32,27.6,66.2,7.56,0,1750.83
2025-06-26 17:22:31,27.5,65.8,16,0,1635.83
2025-06-26 17:23:30,27.5,66.6,15.11,0,1626.67
2025-06-26 17:24:31,27.4,66.8,10.22,0,1535.83
2025-06-26 17:25:30,27.3,66,20.89,0,1534.17
2025-06-26 17:26:32,27.3,67.3,14.22,0,1414.17
2025-06-26 17:27:30,27.2,68.4,15.11,0,1385
2025-06-26 17:29:31,27.1,68.9,22.22,0,1264.17
2025-06-26 17:30:30,27.1,69.7,14.22,0,1123.33
2025-06-26 17:31:31,27,69.4,17.33,0,1077.5
2025-06-26 17:32:31,27,68.5,18,0,982.5
2025-06-26 17:33:30,27,69.2,12.89,0,995
2025-06-26 17:34:30,26.9,68.6,13.33,0,932.5
2025-06-26 17:35:30,27,68.9,7.56,0,910.83
2025-06-26 17:36:33,27,68.7,9.33,0,833.33
2025-06-26 17:37:31,27,68.7,10.22,0,777.5
2025-06-26 17:38:32,27,68.2,8.44,0,717.5
2025-06-26 17:39:30,26.9,67.5,4.44,0,707.5
2025-06-26 17:42:38,26.9,68.8,7.11,0,602.5
2025-06-26 17:43:30,26.8,68.6,13.33,0,566.67
2025-06-26 17:44:52,26.8,69.7,10.44,0,549.17
2025-06-26 17:47:34,26.7,68.8,14.89,0,505.83
2025-06-26 17:48:31,26.7,68.7,9.78,0,489.17
2025-06-26 17:49:30,26.7,70.1,15.11,0,460
2025-06-26 17:50:31,26.6,69.4,8.89,0,422.5
2025-06-26 17:51:31,26.6,69.4,8.44,0,411.67
2025-06-26 17:52:30,26.6,70.7,6.22,0,376.67
2025-06-26 17:53:31,26.5,71.1,9.56,0,377.5
2025-06-26 17:54:31,26.5,71.7,13.56,0,363.33
2025-06-26 17:55:31,26.5,71.8,6,0,357.5
2025-06-26 17:56:30,26.5,71.2,9.33,0,355.83
2025-06-26 17:57:31,26.4,71.8,8.89,0,362.5
2025-06-26 17:58:32,26.4,71.2,9.78,0,353.33
2025-06-26 17:59:31,26.4,70.3,17.11,0,365
2025-06-26 18:00:30,26.4,70.4,8,0,355
2025-07-02 12:00:33,28,64.3,0,0,7796.67
2025-07-02 12:01:33,28.2,63.4,9.56,0,7685.83
2025-07-02 12:02:35,28.2,63.4,2.89,0,7512.5
2025-07-02 12:03:32,28.3,62.4,4.89,0,7588.33
2025-07-02 12:04:34,28.4,61.5,6,0,7594.17
2025-07-02 12:05:33,28.4,61.6,8.67,0,7589.17
2025-07-02 12:06:33,28.4,62.9,9.78,0,7553.33
2025-07-02 12:07:33,28.3,62.6,5.11,0,7710.83
2025-07-02 12:08:34,28.3,63.6,3.56,0,7631.67
2025-07-02 12:09:32,28.2,63.7,2.89,0,7110
2025-07-02 12:10:34,28.3,63.4,1.56,0,7339.17
2025-07-02 12:11:32,28.4,60.7,0.89,0,7097.5
2025-07-02 12:12:36,28.2,64,11.78,0,6904.17
2025-07-02 12:13:34,28,63.7,12.22,0,7268.33
2025-07-02 12:14:38,27.7,63.9,13.56,0,7323.33
2025-07-02 12:15:35,27.6,65,6.89,0,7485
2025-07-02 12:16:32,27.7,63.9,9.78,0,7446.67
2025-07-02 12:17:33,27.6,64.3,9.56,0,7496.67
2025-07-02 12:18:33,27.6,63.2,10.67,0,7582.5
2025-07-02 12:19:38,27.7,63.3,9.11,0,7655.83
2025-07-02 12:20:32,27.8,63.2,8.44,0,7566.67
2025-07-02 12:21:34,27.9,63.5,7.11,0,7796.67
2025-07-02 12:22:34,27.9,63.5,9.11,0,7492.5
2025-07-02 12:23:32,27.8,64.4,12,0,7736.67
2025-07-02 12:24:33,27.6,66.6,10.67,0,7783.33
2025-07-02 12:25:32,27.5,66.2,12.89,0,7473.33
2025-07-02 12:26:32,27.5,65.9,8.67,0,7325.83
2025-07-02 12:27:34,27.6,65,9.11,0,7373.33
2025-07-02 12:28:34,27.5,67.3,12.44,0,7423.33
2025-07-02 12:29:32,27.7,64.1,6.89,0,7059.17
2025-07-02 12:30:33,27.7,64.1,4.44,0,7164.17
2025-07-02 12:31:34,27.8,63.8,1.78,0,7192.5
2025-07-02 12:32:32,27.6,64,6,0,6990.83
2025-07-02 12:33:34,27.7,64.7,3.33,0,6575
2025-07-02 12:34:33,27.7,63.9,8.44,0,6716.67
2025-07-02 12:35:34,27.6,64.2,6.67,0,6478.33
2025-07-02 12:36:33,27.6,65.3,11.11,0,6395.83
2025-07-02 12:37:34,27.5,66,8.67,0,6299.17
2025-07-02 12:38:32,27.5,66.3,4.22,0,6287.5
2025-07-02 12:39:33,27.6,66,6.44,0,6365.83
2025-07-02 12:40:33,27.5,65.6,7.11,0,6424.17
2025-07-02 12:41:34,27.5,65.8,10.22,0,6375
2025-07-02 12:42:45,27.4,66.6,6.44,0,6575.83
2025-07-02 12:43:34,27.4,62.2,9.56,0,6395
2025-07-02 12:44:36,27.5,64.7,4.67,0,6673.33
2025-07-02 12:45:32,27.7,64.5,0.89,0,6465
2025-07-02 12:48:34,27.8,63,9.78,0,6355
2025-07-02 12:49:35,27.7,63.5,7.11,0,6491.67
2025-07-02 12:50:35,27.9,63.5,6,0,6215.83
2025-07-02 12:51:32,27.9,64.6,6.67,0,6638.33
2025-07-02 12:52:32,27.8,64,10.67,0,6525.83
2025-07-02 12:53:36,27.8,64.7,7.78,0,6635
2025-07-02 12:54:32,27.8,65.1,8.22,0,6766.67
2025-07-02 12:55:35,28.1,64,4.44,0,6941.67
2025-07-02 12:56:34,28.1,64.8,8.22,0,6720
2025-07-02 12:57:32,28.2,65,2.22,0,6647.5
2025-07-02 12:58:34,28.2,64.3,4.44,0,6538.33
2025-07-02 12:59:33,28.3,63.8,2.22,0,6473.33
2025-07-02 13:00:34,28,64.3,12.44,0,6419.17
2025-07-02 17:28:51,27.5,66.1,0,0,1449.17
2025-07-02 17:29:51,27.6,65.3,2.44,0,1417.5
2025-07-02 17:30:50,27.6,65.1,0,0,1395
2025-07-02 17:31:50,27.6,66.4,0,0,1375.83
2025-07-02 17:32:53,27.4,66,0,0,1341.67
2025-07-02 17:33:51,27.4,66.8,0,0,1305
2025-07-02 17:33:51,27.4,66.8,0,0,1305
2025-07-02 17:34:51,27.4,67.1,0,0,1267.5
2025-07-02 17:36:01,27.3,66.9,0,0,1235
2025-07-02 17:36:51,27.2,66,0,0,1205
2025-07-02 17:37:51,27.2,66.8,0,0,1181.67
2025-07-02 17:38:51,27.1,67.7,0,0,1159.17
2025-07-02 17:39:51,27,66.4,0,0,1142.5
2025-07-02 17:40:50,26.9,65.4,0,0,1130.83
2025-07-02 17:41:51,26.9,67.4,0,0,1119.17
2025-07-02 17:42:52,26.9,66.9,0,0,1110
2025-07-02 17:43:51,26.8,67.3,0,0,1105
2025-07-02 17:44:53,26.8,67.5,0,0,1100
2025-07-02 17:45:51,26.8,67.1,0,0,1093.33
2025-07-02 17:46:51,26.8,67,0,0,1086.67
2025-07-02 17:47:50,26.7,67.2,0,0,1085.83
2025-07-02 17:48:53,26.7,68.3,0,0,1083.33
2025-07-02 17:49:49,26.6,67.5,0,0,1076.67
2025-07-02 17:50:51,26.6,67.9,0,0,1068.33
2025-07-02 17:51:50,26.6,67.7,0,0,1054.17
2025-07-02 17:52:54,26.5,67.7,0,0,1040
2025-07-02 17:53:51,26.5,67.4,0,0,1023.33
2025-07-02 17:54:51,26.5,67.7,0,0,1000
2025-07-02 17:55:52,26.5,67.4,0,0,975
2025-07-02 17:56:51,26.5,67.9,0,0,950.83
2025-07-02 17:57:55,26.4,68.4,0,0,931.67
2025-07-02 17:58:54,26.4,68.4,0,0,910
2025-07-02 17:59:51,26.4,68.7,0,0,885
2025-07-02 18:00:51,26.4,68.7,0,0,860
2025-07-02 18:01:49,26.4,68.9,0,0,831.67
2025-07-02 18:02:48,26.4,69.1,0,0,806.67
2025-07-02 18:03:55,26.3,69.1,0,0,772.5
2025-07-02 18:04:52,26.3,68.6,0,0,736.67
2025-07-02 18:05:51,26.3,68.9,0,0,700.83
2025-07-02 18:06:50,26.3,68.8,0,0,663.33
2025-07-02 18:07:51,26.2,69.3,0,0,625
2025-07-02 18:08:53,26.2,69.1,0,0,592.5
2025-07-02 18:09:52,26.1,69.2,0,0,558.33
2025-07-02 18:10:51,26.1,69.3,0,0,524.17
2025-07-02 18:11:50,26.1,69.2,0,0,494.17
2025-07-02 18:12:51,26.1,69.7,0,0,463.33
2025-07-02 18:13:50,26.1,69.6,0,0,436.67
2025-07-02 18:14:50,26.1,70.1,0,0,410.83
2025-07-02 18:15:52,26,69.1,0,0,387.5
2025-07-02 18:16:50,26,69.7,0,0,362.5
2025-07-02 18:17:51,26,69.5,0,0,339.17
2025-07-02 18:18:51,25.9,70.4,0,0,314.17
2025-07-02 18:19:51,25.9,70.1,0,0,291.67
2025-07-02 18:20:51,25.9,70.2,0,0,270
2025-07-02 18:21:49,25.8,70.6,0,0,246.67
2025-07-02 18:22:51,25.8,69.7,0,0,227.5
2025-07-02 18:23:52,25.8,69.9,0,0,205.83
2025-07-02 18:24:51,25.8,69.7,0,0,186.67
2025-07-02 18:25:53,25.7,70.5,0,0,166.67
2025-07-02 18:26:51,25.7,70.7,0,0,144.17
2025-07-02 18:27:51,25.6,70.8,0,0,125
2025-07-03 12:00:19,26.7,71.9,0,0,7560
2025-07-03 12:01:19,27.1,69.9,18.22,0,7389.17
2025-07-03 12:02:18,27.4,69.1,6.89,0,7273.33
2025-07-03 12:03:17,27.5,68.2,14.67,0,7444.17
2025-07-03 12:04:20,27.5,68,14.22,0,7335
2025-07-03 12:05:19,27.2,68.9,23.56,0,7333.33
2025-07-03 12:06:21,27.4,67.2,14.67,0,7330.83
2025-07-03 12:07:19,27.4,65.9,17.78,0,7197.5
2025-07-03 12:08:20,27.5,66.5,10.44,0,7223.33
2025-07-03 12:09:19,27.5,65.7,9.56,0,7140.83
2025-07-03 12:10:20,27.6,64.9,11.11,0,6798.33
2025-07-03 12:11:18,27.5,65.8,16,0,6839.17
2025-07-03 12:12:21,27.4,66.6,11.33,0,6842.5
2025-07-03 12:13:22,27.4,65.4,16.22,0,6748.33
2025-07-03 12:14:19,27.2,63.1,24.22,0,6567.5
2025-07-03 12:15:18,27.2,62.4,17.11,0,6655
2025-07-03 12:16:19,27.1,62.3,18.89,0,6331.67
2025-07-03 12:17:18,27.2,61.3,15.56,0,6458.33
2025-07-03 12:18:20,27.2,61.7,16.67,0,6313.33
2025-07-03 12:19:18,27.2,62.2,11.33,0,6264.17
2025-07-03 12:20:19,27.3,62.5,14.67,0,5916.67
2025-07-03 12:21:19,27.4,62.3,13.11,0,5802.5
2025-07-03 12:22:18,27.4,62,10,0,5890.83
2025-07-03 12:23:18,27.6,60.3,12.44,0,5720.83
2025-07-03 12:24:19,27.7,60.7,8.89,0,5597.5
2025-07-03 12:25:20,27.8,60.6,10.44,0,5703.33
2025-07-03 12:26:19,27.8,61.1,4.44,0,5686.67
2025-07-03 12:27:21,28.1,61.5,0,0,5527.5
2025-07-03 12:28:20,28.2,60.6,3.78,0,5691.67
2025-07-03 12:29:18,28.2,62.4,2.22,0,5664.17
2025-07-03 12:30:20,28.4,59.5,0,0,5660.83
2025-07-03 12:31:22,28.4,59.3,2.67,0,5589.17
2025-07-03 12:32:19,28.5,59.6,0.44,0,5528.33
2025-07-03 12:33:18,28.5,58.8,5.56,0,5446.67
2025-07-03 12:34:19,28.5,60.1,2.67,0,5400
2025-07-03 12:35:21,28.6,61.3,0,0,5392.5
2025-07-03 12:36:19,28.8,59.6,0.22,0,5335.83
2025-07-03 12:37:20,28.7,60.9,0,0,5322.5
2025-07-03 12:38:18,28.6,60.6,0,0,5279.17
2025-07-03 12:39:22,28.6,60.7,0,0,5127.5
2025-07-03 12:40:19,28.4,60.2,1.11,0,5285.83
2025-07-03 12:41:19,28.2,60.2,1.78,0,5265.83
2025-07-03 12:42:20,28.1,60.3,0,0,5260.83
2025-07-03 12:43:20,28.2,59.2,0,0,5239.17
2025-07-03 12:44:18,28.3,59.9,0,0,5220
2025-07-03 12:45:20,28.4,59.8,0,0,5185.83
2025-07-03 12:46:18,28.4,60.4,0,0,5134.17
2025-07-03 12:47:19,28.5,60.3,0,0,5056.67
2025-07-03 12:48:18,28.5,60.9,0,0,4958.33
2025-07-03 12:49:22,28.4,58.7,1.11,0,4990
2025-07-03 12:50:18,28.2,59.8,0.22,0,4970.83
2025-07-03 12:51:18,28.1,60.9,0,0,4879.17
2025-07-03 12:52:22,28.1,59.5,0.22,0,4890.83
2025-07-03 12:53:18,28,60.8,0.22,0,4835.83
2025-07-03 12:54:19,28.1,62.1,0,0,4775
2025-07-03 12:55:18,28.3,61.2,0,0,4719.17
2025-07-03 12:56:20,28.3,61,0,0,4679.17
2025-07-03 12:57:22,28.2,60.2,0,0,4647.5
2025-07-03 12:58:19,28.1,60.2,0,0,4596.67
22025-07-03 12:59:19,28,60.8,0,0,4557.5
2025-07-03 13:00:19,27.8,60.7,0,39.9,4505.83
2025-07-03 17:01:34,27.2,70.4,0,0,2210.83
2025-07-03 17:02:33,27.3,69.5,0.22,0.7,2200.83
2025-07-03 17:04:02,27.2,69.8,0,0,2178.33
2025-07-03 17:05:06,27.3,69,0,0,2170
2025-07-03 17:07:00,27.2,69.1,0,0,2189.17
2025-07-03 17:07:59,27.2,68.9,0,0,2201.67
2025-07-03 17:09:02,27.2,69.5,0,0,2229.17
2025-07-03 17:10:00,27.1,69,0,0,2258.33
2025-07-03 17:10:59,27.1,67.8,0,0,2288.33
2025-07-03 17:11:59,27.1,67.2,0,0,2320
2025-07-03 17:12:59,27.1,69.4,0,0,2337.5
2025-07-03 17:13:59,27.1,67,0,0,2359.17
2025-07-03 17:15:02,27.1,67.8,0,0,2380.83
2025-07-03 17:15:59,27.1,66.5,0,0,2380.83
2025-07-03 17:17:00,27.1,66.4,0,0,2393.33
2025-07-03 17:18:00,27.1,68,0,0,2391.67
2025-07-03 17:19:01,27.2,68.7,0,0,2360
2025-07-03 17:20:02,27.2,68.7,0,0,2296.67
2025-07-03 17:21:01,27.2,66.5,0,0,2227.5
2025-07-03 17:22:02,27.2,67.9,0,0,2181.67
2025-07-03 17:27:34,27.2,66.8,0,0,1907.5
2025-07-03 17:28:51,27.1,66.2,0,0,1860
2025-07-03 17:29:59,27.1,66.7,0,0,1895
2025-07-03 17:30:59,27.1,64.7,1.11,0,1875.83
2025-07-03 17:31:59,27.1,65.7,0,0,1841.67
2025-07-03 17:33:00,27.1,65.4,0,0,1798.33
2025-07-03 17:33:59,27.1,65.7,0,0,1787.5
2025-07-03 17:35:00,27.1,66.5,0,0,1769.17
2025-07-03 17:35:59,27.1,65.9,0,0,1755
2025-07-03 17:37:00,27.1,66.3,0,0,1712.5
2025-07-03 17:37:59,27,65.1,0,0,1681.67
2025-07-03 17:39:02,27,65,0,0,1655
2025-07-03 17:39:58,27,65.3,0,0,1615
2025-07-03 17:40:59,27,65.7,0,0,1590
2025-07-03 17:41:58,27,65.1,0,0,1550.83
2025-07-03 17:43:00,27,65.1,0,0,1505
2025-07-03 17:44:00,26.9,65.2,0,0,1465
2025-07-03 17:45:00,26.9,65.7,0,0,1427.5
2025-07-03 17:45:59,26.9,66.6,0,0,1394.17
2025-07-03 17:46:59,26.9,67,0,0,1350
2025-07-03 17:47:59,26.9,67.8,0,0,1304.17
2025-07-03 17:48:59,26.9,67.7,0,0,1253.33
2025-07-03 17:50:01,26.9,67.3,0,0,1198.33
2025-07-03 17:50:59,26.9,67.4,0,0,1145
2025-07-03 17:51:59,26.9,68.6,0,0,1089.17
2025-07-03 17:53:04,26.8,68.2,0,0,1040
2025-07-03 17:54:00,26.8,68,0,0,993.33
2025-07-03 17:54:59,26.7,68.1,0,0,947.5
2025-07-03 17:56:00,26.7,67.8,0,0,909.17
2025-07-03 17:56:59,26.7,68,0,0,877.5
2025-07-03 17:58:02,26.6,68.8,0,0,844.17
2025-07-03 17:58:59,26.6,69.5,0,0,809.17
2025-07-03 18:00:00,26.5,70.6,0,0,775.83
2025-07-09 12:00:55,26.4,70.6,0,0,7368.33
2025-07-09 12:01:57,27.4,68.4,0.22,0,7417.5
2025-07-09 12:02:55,27.8,66.9,0,0,7412.5
2025-07-09 12:03:56,28,64,0,0,7409.17
2025-07-09 12:04:55,28.2,63,0,0,7345.83
2025-07-09 12:05:57,28.3,62.8,0,0,7212.5
2025-07-09 12:06:55,28.5,62.6,0,0,7206.67
2025-07-09 12:07:55,28.5,62,1.11,0,7189.17
2025-07-09 12:08:56,28.7,62.8,0.89,0,7506.67
2025-07-09 12:09:58,28.7,62.1,4,0,7632.5
2025-07-09 12:10:57,28.7,62.5,1.33,0,7745.83
2025-07-09 12:11:55,28.6,62.3,4,0,7461.67
2025-07-09 12:12:55,28.6,62.4,1.33,0,7595.83
2025-07-09 12:13:57,28.7,61.4,0.89,0,7745.83
2025-07-09 12:14:55,28.7,61.2,2.67,0,7862.5
2025-07-09 12:15:57,28.8,61.4,0.89,0,7668.33
2025-07-09 12:16:55,28.7,61,7.56,0,8049.17
2025-07-09 12:17:57,28.5,62.5,4.89,0,8192.5
2025-07-09 12:18:59,28.7,63.8,3.11,0,8041.67
2025-07-09 12:19:57,28.9,60,2.67,0,7931.67
2025-07-09 12:20:57,28.9,60.7,1.33,0,8472.5
2025-07-09 12:21:56,28.9,61.3,3.56,0,8376.67
2025-07-09 12:22:55,29.1,61,0,0,8275
2025-07-09 12:23:54,29.1,59.6,0,0,8010
2025-07-09 12:24:56,29.2,58.7,0,0,7905.83
2025-07-09 12:25:56,29.1,59.2,0,0,8030.83
2025-07-09 12:26:55,29.1,59.3,0,0,8145
2025-07-09 12:27:55,29.1,59.9,0,0,8342.5
2025-07-09 12:28:58,29.1,59.7,1.33,0,8318.33
2025-07-09 12:29:57,29.3,58.6,0,0,8507.5
2025-07-09 12:30:56,29.3,59.1,1.33,0,8144.17
2025-07-09 12:31:59,29.2,59.8,2.44,0,8973.33
2025-07-09 12:32:55,29.3,59.9,4.22,0,8092.5
2025-07-09 12:33:58,29.2,59.2,4,0,7658.33
2025-07-09 12:34:56,28.8,60.2,10.22,0,7595.83
2025-07-09 12:35:56,28.9,60.4,2,0,7950.83
2025-07-09 12:36:56,28.7,59.5,10,0,8225
2025-07-09 12:37:58,28.6,59.9,4,0,9020
2025-07-09 12:40:59,29.1,59.7,3.78,0,7896.67
2025-07-09 12:41:56,29,59.4,10.67,0,8167.5
2025-07-09 12:44:57,29.4,60.2,7.11,0,9074.17
2025-07-09 12:45:57,29.6,60,5.56,0,11475.83
2025-07-09 12:46:57,30,60.6,5.78,0,9759.17
2025-07-09 12:47:55,30.5,57,8,0,8990.83
2025-07-09 12:48:59,30.4,58.6,10.22,0,10746.67
2025-07-09 12:49:58,30.4,56.2,10.67,0,9874.17
2025-07-09 12:50:55,30.3,57.2,4.22,0,9445
2025-07-09 12:51:56,30.5,58.3,3.56,0,7582.5
2025-07-09 12:52:55,30.2,59,8.44,0,7160.83
2025-07-09 12:53:55,29.9,58.2,10.89,0,7591.67
2025-07-09 12:54:56,29.7,58.7,6.89,0,10745.83
2025-07-09 12:55:55,29.9,58.7,3.56,0,8239.17
2025-07-09 12:56:57,29.9,58.7,0.22,0,10578.33
2025-07-09 12:57:55,30,55.8,1.56,0,9940.83
2025-07-09 12:58:55,30.2,57.8,4.22,0,9081.67
2025-07-09 12:59:56,30.3,56.3,10.89,0,9859.17
2025-07-09 13:00:56,30.1,59.5,10,0,10010
2025-07-09 17:00:28,28.2,51.7,3.33,0,1529.17
2025-07-09 17:01:27,28.1,52.1,0.89,0,1481.67
2025-07-09 17:02:28,28.1,52.2,0.44,0,1490.83
2025-07-09 17:03:28,28.1,52.2,6.89,0,1489.17
2025-07-09 17:04:27,28,52.3,4.89,0,1479.17
2025-07-09 17:05:27,28,52.4,5.11,0,1456.67
2025-07-09 17:06:27,28,52.7,6.67,0,1452.5
2025-07-09 17:07:27,27.9,53.4,10.44,0,1421.67
2025-07-09 17:08:30,27.9,52.1,8,0,1500
2025-07-09 17:09:27,28,52.6,8,0,1497.5
2025-07-09 17:10:28,27.9,52.3,10.44,0,1513.33
2025-07-09 17:11:27,27.9,53.1,6.22,0,1406.67
2025-07-09 17:12:27,27.8,52.6,4.89,0,1359.17
2025-07-09 17:13:28,27.8,52.3,0.44,0,1299.17
2025-07-09 17:14:27,27.8,52.1,3.56,0,1250
2025-07-09 17:15:27,27.8,52.8,2.67,0,1196.67
2025-07-09 17:16:27,27.8,52.7,1.56,0,1181.67
2025-07-09 17:17:27,27.7,52.9,5.78,0,1155
2025-07-09 17:18:27,27.7,53,4.67,0,1166.67
2025-07-09 17:19:27,27.7,53.5,2.22,0,1187.5
2025-07-09 17:20:27,27.7,52.6,5.78,0,1198.33
2025-07-09 17:21:27,27.7,52.6,0,0,1221.67
2025-07-09 17:22:27,27.6,52.2,2.67,0,1255.83
2025-07-09 17:23:27,27.6,52.1,0,0,1255
2025-07-09 17:24:28,27.5,52.1,7.78,0,1235.83
2025-07-09 17:25:27,27.5,53.1,0,0,1195
2025-07-09 17:26:28,27.5,52.8,4.22,0,1152.5
2025-07-09 17:27:27,27.5,52.8,4,0,1143.33
2025-07-09 17:28:27,27.4,53.3,4.44,0,1110.83
2025-07-09 17:30:27,27.4,52.8,12.22,0,1111.67
2025-07-09 17:32:05,27.4,54,10,0,1103.33
2025-07-09 17:32:27,27.3,53.8,1.78,0,1086.67
2025-07-09 17:34:27,27.3,52.9,8.44,0,1064.17
2025-07-09 17:35:27,27.3,52.9,1.78,0,1069.17
2025-07-09 17:36:27,27.3,52.9,13.56,0,1039.17
2025-07-09 17:37:27,27.3,53.6,0,0,972.5
2025-07-09 17:38:27,27.3,53.1,5.56,0,926.67
2025-07-09 17:39:28,27.2,53.4,17.78,0,883.33
2025-07-09 17:40:27,27.2,53.9,19.78,0,845.83
2025-07-09 17:41:29,27.2,54.3,3.56,0,801.67
2025-07-09 17:42:27,27.2,54.8,18.22,0,790.83
2025-07-09 17:43:28,27.1,55,18.89,0,771.67
2025-07-09 17:44:27,27.1,55.3,22.89,0,765.83
2025-07-09 17:45:27,27.1,55.7,3.11,0,752.5
2025-07-09 17:46:28,27.1,56.1,7.56,0,751.67
2025-07-09 17:47:27,27,56.6,6,0,732.5
2025-07-09 17:48:28,26.9,56.4,2.22,0,735.83
2025-07-09 17:49:30,26.9,56.7,0.89,0,706.67
2025-07-09 17:50:27,26.9,56.9,6.89,0,676.67
2025-07-09 17:51:30,26.9,57,7.78,0,674.17
2025-07-09 17:52:29,26.9,57.2,6.44,0,677.5
2025-07-09 17:53:27,26.9,57.3,3.56,0,688.33
2025-07-09 17:54:27,26.9,57.3,9.33,0,694.17
2025-07-09 17:55:29,26.8,58,0.44,0,679.17
2025-07-09 17:56:27,26.8,58.2,6,0,645
2025-07-09 17:57:28,26.8,58.8,16.44,0,599.17
2025-07-09 17:58:27,26.7,59,3.33,0,588.33
2025-07-09 17:59:27,26.7,59.1,1.11,0,557.5
2025-07-09 18:00:27,26.6,59.3,8.67,0,530.83
2025-07-09 18:01:30,26.6,59.4,14,0,493.33
2025-07-10 12:00:51,29.1,58.3,4.67,0,7847.5
2025-07-10 12:01:51,29.9,57.3,0.89,0,7839.17
2025-07-10 12:02:52,30.5,55.2,0,0,8121.67
2025-07-10 12:03:52,31,54.1,0.67,0,7231.67
2025-07-10 12:04:51,31.1,53.9,10,0,8749.17
2025-07-10 12:05:51,31.5,54,1.11,0,8417.5
2025-07-10 12:06:52,30.6,53.4,18.89,0,7939.17
2025-07-10 12:07:52,30.5,54.8,3.56,0,7843.33
2025-07-10 12:08:52,31,54.2,0,0,7730
2025-07-10 12:09:51,31.3,54,5.78,0,7515
2025-07-10 12:10:51,31.4,51.9,9.11,0,7080
2025-07-10 12:11:51,31.3,53.7,6,0,7198.33
2025-07-10 12:12:53,31.4,52.8,9.56,0,6725.83
2025-07-10 12:13:52,31.3,52.8,4.89,0,6815.83
2025-07-10 12:14:53,31.6,53.1,0,0,7755.83
2025-07-10 12:15:52,31.4,51.4,13.33,0,3630.83
2025-07-10 12:16:52,30,53.6,13.33,0,3408.33
2025-07-10 12:17:52,29.1,56.2,12.44,0,5919.17
2025-07-10 12:18:51,28.9,57.5,4.89,0,4322.5
2025-07-10 12:19:53,28.7,57.7,4,0,5251.67
2025-07-10 12:20:53,28.5,58.6,6.89,0,9225.83
2025-07-10 12:21:52,28.8,57.2,10.67,0,8821.67
2025-07-10 12:22:51,29.2,56.7,9.11,0,7919.17
2025-07-10 12:23:51,29.1,56,19.33,0,6469.17
2025-07-10 12:24:51,29,56.3,18.67,0,6893.33
2025-07-10 12:25:51,29.3,56,7.33,0,6784.17
2025-07-10 12:26:53,29.7,55.5,2,0,6750
2025-07-10 12:27:53,30.1,54.6,0.67,0,7316.67
2025-07-10 12:28:53,30.6,55.5,3.56,0,4539.17
2025-07-10 12:29:51,30.8,54.4,2.67,0,5080.83
2025-07-10 12:30:51,30.4,54.8,4.89,0,4288.33
2025-07-10 12:31:51,30.5,52.4,2.89,0,8243.33
2025-07-10 12:32:52,30.3,54,0.67,0,7398.33
2025-07-10 12:33:51,30.6,53.6,3.11,0,6291.67
2025-07-10 12:34:54,30.6,54.8,4.89,0,6650
2025-07-10 12:35:51,30.8,55,2,0,6645
2025-07-10 12:37:51,31.6,53.7,0,0,6810.83
2025-07-10 12:38:51,32,51,2,0,6701.67
2025-07-10 12:39:51,32,52,0.89,0,6605.83
2025-07-10 12:40:52,32.1,52.2,0,0,6568.33
2025-07-10 12:41:52,31.9,51.7,0,0,6633.33
2025-07-10 12:42:51,31.7,52.3,3.33,0,6540
2025-07-10 12:43:52,32,51.2,0.22,0,6623.33
2025-07-10 12:44:51,32.1,50,0,0,6625
2025-07-10 12:45:51,32.4,50.8,0,0,6645
2025-07-10 12:46:51,32.7,50.2,0,0,6603.33
2025-07-10 12:48:54,32.9,49.2,1.33,0,6658.33
2025-07-10 12:49:52,32.9,49.8,1.78,0,6545.83
2025-07-10 12:50:53,32.9,49.9,1.33,0,6509.17
2025-07-10 12:51:54,33,50.2,0,0,6351.67
2025-07-10 12:52:52,33,49,3.11,0,6624.17
2025-07-10 12:53:53,32.4,49.6,4.44,0,6668.33
2025-07-10 12:55:53,32.1,50,4.44,0,6680
2025-07-10 12:56:52,32.3,49.1,4,0,6529.17
2025-07-10 12:57:52,32.4,50.6,2.89,0,6898.33
2025-07-11 12:58:52,32,50.61,0,0,6680
2025-07-12 12:59:52,32.3,50,8.67,0,6529.17
2025-07-13 13:00:52,32.43,50.2,4.22,0,6898.33
2025-07-10 17:01:03,28,61.6,0,0,2437.5
2025-07-10 17:02:03,28.1,60.8,3.78,0,2305.83
2025-07-10 17:03:03,28,61.3,7.33,0,2199.17
2025-07-10 17:04:03,27.8,62.2,13.56,0,2170
2025-07-10 17:05:04,27.8,62.3,0,0,2224.17
2025-07-10 17:06:04,27.7,62.8,3.56,0,2411.67
2025-07-10 17:07:04,27.6,61.9,17.11,0,2639.17
2025-07-10 17:08:03,27.4,62.1,20,0,2649.17
2025-07-10 17:09:04,27.5,62.6,0.89,0,2761.67
2025-07-10 17:10:06,27.5,62.4,5.78,0,3135
2025-07-10 17:11:04,27.6,62.6,2.89,0,2951.67
2025-07-10 17:12:03,27.7,62.2,6.67,0,2456.67
2025-07-10 17:13:03,27.7,62.3,12,0,2226.67
2025-07-10 17:14:03,27.7,62.8,8.67,0,2158.33
2025-07-10 17:15:04,27.7,62.3,0.44,0,1947.5
2025-07-10 17:16:04,27.7,61.6,4.22,0,1881.67
2025-07-10 17:17:04,27.7,62.4,3.33,0,1699.17
2025-07-10 17:18:04,27.6,61.8,15.33,0,1589.17
2025-07-10 17:19:03,27.5,62.6,12.89,0,1605
2025-07-10 17:20:03,27.5,62.3,5.11,0,1599.17
2025-07-10 17:21:05,27.5,62.4,3.78,0,1520
2025-07-10 17:22:06,27.5,62.2,0.44,0,1424.17
2025-07-10 17:23:03,27.5,63.1,0,0,1361.67
2025-07-10 17:24:06,27.4,62.7,6,0,1327.5
2025-07-10 17:25:03,27.4,62.8,2.22,0,1303.33
2025-07-10 17:26:04,27.5,63,0,0,1215
2025-07-10 17:27:04,27.5,63,0,0,1170.83
2025-07-10 17:28:04,27.4,62.7,14.89,0,1150
2025-07-10 17:29:03,27.3,63.1,9.33,0,1161.67
2025-07-10 17:30:04,27.3,63.7,0,0,1117.5
2025-07-10 17:31:04,27.2,63.8,0,0,1113.33
2025-07-10 17:32:05,27.2,64.1,1.78,0,1086.67
2025-07-10 17:33:04,27.2,63.9,1.11,0,1039.17
2025-07-10 17:34:03,27.2,64.2,0,0,1061.67
2025-07-10 17:35:04,27.2,64.5,0,0,1024.17
2025-07-10 17:36:04,27.1,64.9,0,0,989.17
2025-07-10 17:37:04,27.1,64.7,0.44,0,982.5
2025-07-10 17:38:05,27,64.9,9.78,0,945
2025-07-10 17:39:05,26.9,65.5,3.11,0,905
2025-07-10 17:40:03,26.8,65.6,5.33,0,873.33
2025-07-10 17:41:04,26.8,66.3,0,0,858.33
2025-07-10 17:42:04,26.8,66.1,0,0,828.33
2025-07-10 17:43:07,26.7,66.5,0.22,0,786.67
2025-07-10 17:44:04,26.7,65.8,2,0,755.83
2025-07-10 17:45:04,26.6,66.1,4.22,0,730
2025-07-10 17:46:05,26.6,65.6,5.56,0,766.67
2025-07-10 17:47:03,26.6,66,3.11,0,743.33
2025-07-10 17:48:03,26.6,65.9,3.78,0,790
2025-07-10 17:49:03,26.5,66.1,6.22,0,813.33
2025-07-10 17:50:03,26.5,66.5,3.56,0,803.33
2025-07-10 17:51:03,26.5,66.4,6,0,857.5
2025-07-10 17:52:04,26.5,66.5,2.89,0,889.17
2025-07-10 17:53:03,26.5,66.9,8.22,0,903.33
2025-07-10 17:54:04,26.5,66.9,2.89,0,893.33
2025-07-10 17:55:09,26.5,66.6,7.56,0,977.5
2025-07-10 17:56:03,26.5,66.8,5.56,0,787.5
2025-07-10 17:57:03,26.5,66.9,0,0,773.33
2025-07-10 17:58:05,26.5,67.1,12.22,0,724.17
2025-07-10 17:59:03,26.5,67.3,0.67,0,684.17
2025-07-10 18:00:04,26.5,68,0.67,0,655.83
2025-07-28 05:57:19,24.7,81.4,0,0,5.2
2025-07-28 05:58:17,24.6,80.7,1.56,0,5.2
2025-07-28 05:59:18,24.3,81.4,0.44,0,5.2
2025-07-28 06:00:18,23.7,83.6,0,0,5.2
2025-07-28 06:01:20,23.1,85.8,0,0,5.6
2025-07-28 06:02:22,22.6,88,0,0,6.4
2025-07-28 06:03:17,22,90.2,0,0,7.2
2025-07-28 06:04:19,21.5,92.8,0,0,8
2025-07-28 06:05:19,21.2,94.9,0,0,10.1
2025-07-28 06:06:19,20.9,96.5,0,0,12.5
2025-07-28 06:07:18,20.7,97.5,0,0,15.3
2025-07-28 06:08:17,20.5,98.5,0,0,18
2025-07-28 06:09:18,20.4,99.1,0,0,22.1
2025-07-28 06:10:19,20.2,99.4,0,0,26.5
2025-07-28 06:11:19,20.1,99.9,0,0,32.8
2025-07-28 06:12:18,20,100,0,0,40.2
2025-07-28 06:13:18,19.9,100,0,0,50.3
2025-07-28 06:14:19,19.8,100,0,0,62.7
2025-07-28 06:15:20,19.7,100,0,0,77.1
2025-07-28 06:16:21,19.6,100,0,0,95.6
2025-07-28 06:17:24,19.6,100,0,0,118.4
2025-07-28 06:18:18,19.6,100,0,0,145.9
2025-07-28 06:19:18,19.6,100,0,0,178.5
2025-07-28 06:20:18,19.6,100,0,0,210
2025-07-28 06:21:20,19.6,100,0,0,260.4
2025-07-28 06:22:19,19.5,100,0,0,310.9
2025-07-28 06:23:18,19.5,100,0,0,380.1
2025-07-28 06:24:19,19.4,100,0,0,470.2
2025-07-28 06:25:19,19.4,100,0,0,580
2025-07-28 06:26:18,19.4,100,0,0,705.6
2025-07-28 06:27:19,19.4,100,0,0,830.8
2025-07-28 06:28:18,19.4,100,0,0,965.4
2025-07-28 06:29:18,19.4,100,0,0,1100.7
2025-07-28 06:30:18,19.4,100,0,0,1260.3
2025-07-28 06:31:19,19.4,100,0,0,1425.6
2025-07-28 06:32:18,19.4,100,0,0,1580.4
2025-07-28 06:33:19,19.4,100,0,0,1750.9
2025-07-28 06:34:19,19.4,100,0,0,1950.2
2025-07-28 06:35:18,19.4,100,0,0,2150.8
2025-07-28 06:36:18,19.4,100,0,0,2370.6
2025-07-28 06:37:19,19.3,100,0,0,2605.2
2025-07-28 06:38:19,19.3,100,0,0,2840
2025-07-28 06:39:19,19.3,100,0,0,3050.7
2025-07-28 06:40:20,19.3,100,0,0,3255.1
2025-07-28 06:41:18,19.3,100,0,0,3480.6
2025-07-28 06:42:19,19.3,100,0,0,3700.9
2025-07-28 06:43:18,19.3,100,0,0,3922.3
2025-07-28 06:44:19,19.3,100,0,0,4150.4
2025-07-28 06:45:18,19.3,100,0,0,4355.9
2025-07-28 06:46:17,19.3,100,0,0,4567.1
2025-07-28 06:47:18,19.3,100,0,0,4775.6
2025-07-28 06:48:21,19.3,100,0,0,4980.3
2025-07-28 06:49:18,19.4,100,0,0,5180
2025-07-28 06:50:18,19.4,100,0,0,5370.4
2025-07-28 06:51:18,19.4,100,0,0,5560.8
2025-07-28 06:52:20,19.4,100,0,0,5752.3
2025-07-28 06:53:21,19.5,100,0,0,5922.6
2025-07-28 06:54:18,19.5,100,0,0,6100.7
2025-07-28 06:55:18,19.5,100,0,0,6275
2025-07-28 06:56:18,19.5,100,0,0,6422.2
2025-07-28 06:57:17,19.6,100,0,0,6550.5
2025-07-28 06:58:17,19.6,100,0,0,6678.9
2025-07-28 06:59:18,19.6,100,0,0,6800.18
2025-07-28 07:00:17,19.7,100,0,0,6800
2025-07-28 18:59:16,27.7,77.4,0,0,2.5
2025-07-28 19:00:19,27.6,79.5,0.44,0,2.5
2025-07-28 19:01:17,27.2,80.4,0,0,2.2
2025-07-28 19:02:14,26.8,81.8,0,0,2
2025-07-28 19:03:20,26.4,82.3,0,0,1.9
2025-07-28 19:04:17,26.2,83.1,0,0,2.1
2025-07-28 19:05:20,26,83.8,0,0,1.8
2025-07-28 19:06:21,25.8,84.9,0,0,1.6
2025-07-28 19:07:23,25.7,85.6,0,0,1.7
2025-07-28 19:08:17,25.5,86.2,0,0,1.5
2025-07-28 19:09:18,25.4,87.8,0,0,1.4
2025-07-28 19:10:18,25.4,88.5,0,0,1.3
2025-07-28 19:11:18,25.3,87.7,0,0,1.2
2025-07-28 19:12:17,25.3,87.8,0,0,1.1
2025-07-28 19:13:18,25.3,87.8,0,0,1
2025-07-28 19:14:15,25.3,88.1,0,0,1.2
2025-07-28 19:15:18,25.3,88.7,0,0,1.1
2025-07-28 19:16:17,25.2,88.5,0,0,1
2025-07-28 19:17:18,25.2,88.7,0,0,0.9
2025-07-28 19:18:16,25.2,89.5,0,0,0.8
2025-07-28 19:19:15,25.2,89.8,0,0,0.8
2025-07-28 19:20:22,25.2,89.5,0,0,0.7
2025-07-28 19:21:17,25.2,88.9,0,0,0.6
2025-07-28 19:22:19,25.2,88.5,0,0,0.6
2025-07-28 19:23:18,25.2,89.2,1.78,0,0.7
2025-07-28 19:24:18,25.2,85.8,7.56,0,0.5
2025-07-28 19:25:18,25.2,85.3,0.22,0,0.5
2025-07-28 19:26:19,25.3,85.8,4.89,0,0.6
2025-07-28 19:27:17,25.4,83.4,5.11,0,0.4
2025-07-28 19:28:17,25.4,84.1,0.22,0,0.4
2025-07-28 19:29:17,25.4,83.2,0,0,0.5
2025-07-28 19:30:15,25.4,81.8,5.78,0,0.4
2025-07-28 19:31:18,25.4,80.5,7.11,0,0.3
2025-07-28 19:32:17,25.4,80.6,2.44,0,0.3
2025-07-28 19:33:17,25.4,81.5,3.56,0,0.4
2025-07-28 19:34:15,25.3,79.8,0.67,0,0.3
2025-07-28 19:35:17,25.3,81.3,3.78,0,0.2
2025-07-28 19:36:18,25.3,81.8,14.22,0,0.3
2025-07-28 19:37:17,25.3,82.6,13.33,0,0.2
2025-07-28 19:38:15,25.3,82,9.56,0,0.2
2025-07-28 19:39:15,25.3,82.7,11.56,0,0.3
2025-07-28 19:40:17,25.2,80.7,14.22,0,0.2
2025-07-28 19:41:15,25.2,81.4,2.22,0,0.2
2025-07-28 19:42:16,25.2,81.8,2,0,0.1
2025-07-28 19:43:17,25.2,82.5,9.11,0,0.1
2025-07-28 19:44:17,25.1,83.4,12.22,0,0.1
2025-07-28 19:45:16,25.1,83.6,7.56,0,0.1
2025-07-28 19:46:16,25.1,83.5,7.33,0,0.1
2025-07-28 19:47:15,25,82.9,13.33,0,0.2
2025-07-28 19:48:19,24.9,82.7,3.78,0,0.1
2025-07-28 19:49:17,24.9,82.7,8.22,0,0.1
2025-07-28 19:50:16,24.9,83.1,2,0,0
2025-07-28 19:51:17,24.8,83.9,3.78,0,0
2025-07-28 19:52:14,24.8,84.2,6.67,0,0
2025-07-28 19:53:15,24.8,83.7,7.56,0,0
2025-07-28 19:54:19,24.8,84.1,4.44,0,0
2025-07-28 19:55:15,24.8,85.1,14.89,0,0
2025-07-28 19:56:14,24.8,85.1,9.11,0,0
2025-07-28 19:57:16,24.8,85.5,5.11,0,0
2025-07-28 19:58:15,24.8,86.1,8.44,0,0
2025-07-28 19:59:16,24.7,85.7,15.78,0,0
2025-07-28 20:00:15,24.7,86.2,7.78,0,0
2025-07-29 05:59:41,21.2,86.1,0,0,5.2
2025-07-29 06:00:40,20.9,86.4,2,0.7,5.2
2025-07-29 06:01:42,20.3,89.2,0,0.7,5.6
2025-07-29 06:02:40,20,91,0,0.7,6.4
2025-07-29 06:03:41,19.7,92.2,0,0.7,7.2
2025-07-29 06:04:41,19.4,94.2,0,0.7,8
2025-07-29 06:05:41,19.2,95,0,0.7,10.1
2025-07-29 06:06:42,19,96.1,0,0.7,12.5
2025-07-29 06:07:39,18.9,97.4,0,0.7,15.3
2025-07-29 06:08:38,18.7,97.8,0,0.7,18
2025-07-29 06:09:41,18.7,98.3,0,0.7,22.1
2025-07-29 06:10:43,18.6,97.9,0,0.7,26.5
2025-07-29 06:11:40,18.5,97.9,0,0.7,32.8
2025-07-29 06:12:41,18.5,98.9,0,0.7,40.2
2025-07-29 06:13:42,18.4,99.2,0,0.7,50.3
2025-07-29 06:14:40,18.4,99.6,0,0.7,62.7
2025-07-29 06:15:42,18.4,99.8,0,0.7,77.1
2025-07-29 06:16:41,18.4,99.1,0,0.7,95.6
2025-07-29 06:17:40,18.4,100,0,0.7,118.4
2025-07-29 06:18:41,18.4,100,0,0.7,145.9
2025-07-29 06:19:39,18.4,99.9,0,0.7,178.5
2025-07-29 06:20:40,18.4,100,0,0.7,210
2025-07-29 06:21:38,18.3,99.8,0,0.7,260.4
2025-07-29 06:22:39,18.3,100,0,0.7,310.9
2025-07-29 06:23:39,18.3,99.7,0,0.7,380.1
2025-07-29 06:24:38,18.3,100,0,0.7,470.2
2025-07-29 06:25:39,18.3,100,0,0.7,580
2025-07-29 06:26:40,18.3,100,0,0.7,705.6
2025-07-29 06:27:40,18.2,100,0,0.7,830.8
2025-07-29 06:28:40,18.3,100,0,0.7,965.4
2025-07-29 06:29:39,18.3,100,0,0.7,1100.7
2025-07-29 06:30:42,18.3,100,0,0.7,1260.3
2025-07-29 06:31:40,18.3,100,0,0.7,1425.6
2025-07-29 06:32:41,18.3,100,0,0.7,1580.4
2025-07-29 06:33:40,18.3,100,0,0.7,1750.9
2025-07-29 06:34:42,18.3,100,0,0.7,1950.2
2025-07-29 06:35:41,18.3,100,0,0.7,2150.8
2025-07-29 06:36:41,18.3,100,0,0.7,2370.6
2025-07-29 06:37:40,18.3,100,0,0.7,2605.2
2025-07-29 06:38:41,18.3,100,0,0.7,2840
2025-07-29 06:39:42,18.4,100,0,0.7,3050.7
2025-07-29 06:40:41,18.4,100,0,0.7,3255.1
2025-07-29 06:41:39,18.4,100,0,0.7,3480.6
2025-07-29 06:42:41,18.4,100,0,0.7,3700.9
2025-07-29 06:43:41,18.4,100,0,0.7,3922.3
2025-07-29 06:44:41,18.5,100,0,0.7,4150.4
2025-07-29 06:45:41,18.5,100,0,0.7,4355.9
2025-07-29 06:46:42,18.5,100,0,0.7,4567.1
2025-07-29 06:47:40,18.5,100,0,0.7,4775.6
2025-07-29 06:48:39,18.5,100,0,0.7,4980.3
2025-07-29 06:49:40,18.5,100,0,0.7,5180
2025-07-29 06:50:40,18.4,99.8,0,0.7,5370.4
2025-07-29 06:51:40,18.4,99.5,0,0.7,5560.8
2025-07-29 06:52:41,18.4,99.5,0,0.7,5752.3
2025-07-29 06:53:41,18.4,100,0,0.7,5922.6
2025-07-29 06:54:40,18.5,100,0,0.7,6100.7
2025-07-29 06:55:41,18.5,100,0,0.7,6275
2025-07-29 06:56:40,18.5,100,0,0.7,6422.2
2025-07-29 06:57:38,18.6,100,0,0.7,6550.5
2025-07-29 06:58:40,18.7,100,0,0.7,6678.9
2025-07-29 06:59:40,18.7,100,0,0.7,6800.18
2025-07-29 07:00:41,18.8,100,0,0.7,6800
2025-07-29 19:01:07,26.8,67,0,0,2.5
2025-07-29 19:02:03,26.4,66.6,1.33,0,2.2
2025-07-29 19:03:05,26.2,67.1,1.56,0,2
2025-07-29 19:04:05,26.1,67.5,0,0,1.9
2025-07-29 19:05:03,25.9,68.2,0,0,2.1
2025-07-29 19:06:03,25.8,69.4,0,0,1.8
2025-07-29 19:07:08,25.7,70,0,0,1.6
2025-07-29 19:08:03,25.6,69.9,0,0,1.7
2025-07-29 19:09:05,25.5,70.5,0,0,1.5
2025-07-29 19:10:03,25.3,70.5,0,0,1.4
2025-07-29 19:11:03,25.3,70.9,0,0,1.3
2025-07-29 19:12:05,25.2,71.6,0,0,1.2
2025-07-29 19:13:05,25.1,71.9,0,0,1.1
2025-07-29 19:14:05,25.1,71.5,0,0,1
2025-07-29 19:15:05,25,71.7,0,0,1.2
2025-07-29 19:16:03,24.9,72.2,0,0,1.1
2025-07-29 19:17:03,24.9,72.3,0,0,1
2025-07-29 19:18:06,24.8,72,0,0,0.9
2025-07-29 19:19:05,24.8,72.6,0,0,0.8
2025-07-29 19:20:05,24.8,72.7,0,0,0.8
2025-07-29 19:21:06,24.7,73,0,0,0.7
2025-07-29 19:22:04,24.7,73.6,0,0,0.6
2025-07-29 19:23:03,24.7,73.4,0,0,0.6
2025-07-29 19:24:05,24.6,73.3,0,0,0.7
2025-07-29 19:25:05,24.6,73.8,0,0,0.5
2025-07-29 19:26:03,24.6,74.3,0,0,0.5
2025-07-29 19:27:03,24.5,73.1,0,0,0.6
2025-07-29 19:28:05,24.5,73.6,0,0,0.4
2025-07-29 19:29:06,24.5,74,0,0,0.4
2025-07-29 19:30:05,24.5,73.8,0,0,0.5
2025-07-29 19:31:05,24.5,74,0,0,0.4
2025-07-29 19:32:04,24.5,74.6,0,0,0.3
2025-07-29 19:33:08,24.5,74.5,0,0,0.3
2025-07-29 19:34:05,24.4,74.4,0,0,0.4
2025-07-29 19:35:07,24.4,73.6,0,0,0.3
2025-07-29 19:36:05,24.5,74.2,0,0,0.2
2025-07-29 19:37:06,24.4,74.1,0,0,0.3
2025-07-29 19:38:04,24.4,75.2,0,0,0.2
2025-07-29 19:39:05,24.4,73.5,0,0,0.2
2025-07-29 19:40:05,24.4,73.6,0,0,0.3
2025-07-29 19:41:06,24.4,74.3,0,0,0.2
2025-07-29 19:42:05,24.4,73.4,1.56,0,0.2
2025-07-29 19:43:08,24.4,73.8,1.33,0,0.1
2025-07-29 19:44:04,24.5,74.1,0,0,0.1
2025-07-29 19:45:08,24.5,74.3,0,0,0.1
2025-07-29 19:46:06,24.5,73.9,0.22,0,0.1
2025-07-29 19:47:05,24.5,73.6,0,0,0.1
2025-07-29 19:48:07,24.5,73.3,0,0,0.2
2025-07-29 19:49:06,24.5,73.4,0,0,0.1
2025-07-29 19:50:05,24.5,73.4,1.56,0,0.1
2025-07-29 19:51:06,24.5,74.1,1.33,0,0
2025-07-29 19:52:05,24.5,73.1,2.89,0,0
2025-07-29 19:53:07,24.6,73.5,0,0,0
2025-07-29 19:54:06,24.6,74,0,0,0
2025-07-29 19:55:10,24.5,73.3,1.33,0,0
2025-07-29 19:56:06,24.6,73.4,0,0,0
2025-07-29 19:57:06,24.6,73.9,0,0,0
2025-07-29 19:58:08,24.6,74.6,0,0,0
2025-07-29 19:59:31,24.5,73.7,0,0,0
2025-07-29 20:00:07,24.5,74.7,0,0,0
2025-08-04 06:00:43,24.6,80.7,0,0,5.2
2025-08-04 06:01:43,23.5,85.1,0,0,5.2
2025-08-04 06:02:45,22.9,87.6,0,0,5.6
2025-08-04 06:03:45,22.5,89.6,0,0,6.4
2025-08-04 06:04:47,22.1,91.3,0,0,7.2
2025-08-04 06:05:45,21.8,92.8,0,0,8
2025-08-04 06:06:48,21.5,94.1,0,0,10.1
2025-08-04 06:07:45,21.3,95.2,0,0,12.5
2025-08-04 06:08:45,21.2,96.4,0,0,15.3
2025-08-04 06:09:44,21,97.1,0,0,18
2025-08-04 06:10:45,20.9,97.7,0,0,22.1
2025-08-04 06:12:43,20.7,99,0,0,26.5
2025-08-04 06:13:44,20.7,99.5,0,0,32.8
2025-08-04 06:14:45,20.6,99.8,0,0,40.2
2025-08-04 06:15:43,20.5,100,0,0,50.3
2025-08-04 06:16:46,20.5,100,0,0,62.7
2025-08-04 06:17:49,20.5,100,0,0,77.1
2025-08-04 06:20:46,20.4,100,0,0,95.6
2025-08-04 06:21:46,20.4,100,0,0,118.4
2025-08-04 06:22:45,20.3,100,0,0,145.9
2025-08-04 06:23:43,20.3,100,0,0,178.5
2025-08-04 06:24:44,20.3,100,0,0,210
2025-08-04 06:25:44,20.3,100,0,0,260.4
2025-08-04 06:26:43,20.3,100,0,0,310.9
2025-08-04 06:27:43,20.2,100,0,0,380.1
2025-08-04 06:28:52,20.2,100,0,0,470.2
2025-08-04 06:29:43,20.2,100,0,0,580
2025-08-04 06:30:46,20.2,100,0,0,705.6
2025-08-04 06:31:43,20.2,100,0,0,830.8
2025-08-04 06:32:43,20.2,100,0,0,965.4
2025-08-04 06:33:45,20.2,100,0,0,1100.7
2025-08-04 06:34:46,20.2,100,0,0,1260.3
2025-08-04 06:35:44,20.2,100,0,0,1425.6
2025-08-04 06:36:48,20.2,100,0,0,1580.4
2025-08-04 06:37:45,20.2,100,0,0,1750.9
2025-08-04 06:38:45,20.3,100,0,0,1950.2
2025-08-04 06:39:45,20.3,100,0,0,2150.8
2025-08-04 06:40:49,20.3,100,0,0,2370.6
2025-08-04 06:41:46,20.4,100,0,0,2605.2
2025-08-04 06:42:43,20.4,100,0,0,2840
2025-08-04 06:44:43,20.4,100,0,0,3050.7
2025-08-04 06:45:43,20.4,100,0,0,3255.1
2025-08-04 06:46:43,20.4,100,0,0,3480.6
2025-08-04 06:48:45,20.5,100,0,0,3700.9
2025-08-04 06:49:44,20.5,100,0,0,3922.3
2025-08-04 06:50:45,20.5,100,0,0,4150.4
2025-08-04 06:51:43,20.5,100,0,0,4355.9
2025-08-04 06:52:45,20.6,100,0,0,4567.1
2025-08-04 06:53:43,20.6,100,0,0,4775.6
2025-08-04 06:54:44,20.6,100,0,0,4980.3
2025-08-04 06:55:45,20.7,100,0,0,5180
2025-08-04 06:56:44,20.7,100,0,0,5370.4
2025-08-04 06:57:44,20.7,100,0,0,5560.8
2025-08-04 06:58:53,20.7,100,0,0,5752.3
2025-08-04 06:59:46,20.7,100,0,0,5922.6
2025-08-04 19:09:02,25.2,75.8,0,0,2.5
2025-08-04 19:10:00,24.3,78.7,0.44,0.7,2.2
2025-08-04 19:11:00,23.4,81.6,0,0.7,2
2025-08-04 19:12:01,22.7,84.6,0,0.7,1.9
2025-08-04 19:13:03,22.1,87.3,0,0.7,2.1
2025-08-04 19:14:02,21.7,89.4,0,0.7,1.8
2025-08-04 19:15:02,21.3,91.8,0,0.7,1.6
2025-08-04 19:16:02,20.9,93.3,0,0.7,1.7
2025-08-04 19:17:04,20.7,95.1,0,0.7,1.5
2025-08-04 19:18:02,20.4,96.7,0,0.7,1.4
2025-08-04 19:19:00,20.3,97.9,0,0.7,1.3
2025-08-04 19:20:03,20.1,98.2,0,0.7,1.2
2025-08-04 19:21:03,20,98.7,0,0.7,1.1
2025-08-04 19:22:02,19.9,99.6,0,0.7,1
2025-08-04 19:23:04,19.8,100,0,0.7,1.2
2025-08-04 19:24:05,19.7,100,0,0.7,1.1
2025-08-04 19:25:06,19.6,100,0,0.7,1
2025-08-04 19:26:01,19.5,100,0,0.7,0.9
2025-08-04 19:27:01,19.5,100,0,0.7,0.8
2025-08-04 19:28:04,19.4,100,0,0.7,0.8
2025-08-04 19:29:01,19.3,100,0,0.7,0.7
2025-08-04 19:30:02,19.3,100,0,0.7,0.6
2025-08-04 19:31:00,19.2,100,0,0.7,0.6
2025-08-04 19:32:03,19.2,100,0,0.7,0.7
2025-08-04 19:33:01,19.2,100,0,0.7,0.5
2025-08-04 19:34:00,19.2,100,0,0.7,0.5
2025-08-04 19:35:02,19.2,100,0,0.7,0.6
2025-08-04 19:36:01,19.2,100,0,0.7,0.4
2025-08-04 19:37:02,19.1,100,0,0.7,0.4
2025-08-04 19:38:01,19.1,100,0,0.7,0.5
2025-08-04 19:39:03,19.1,100,0,0.7,0.4
2025-08-04 19:40:00,19.1,100,0,0.7,0.3
2025-08-04 19:41:02,19.1,100,0,0.7,0.3
2025-08-04 19:42:03,19.1,100,0,0.7,0.4
2025-08-04 19:43:16,19.1,100,0,0.7,0.3
2025-08-04 19:44:01,19.1,100,0,0.7,0.2
2025-08-04 19:45:03,19.1,100,0,0.7,0.3
2025-08-04 19:47:01,19.2,100,0,0.7,0.2
2025-08-04 19:48:00,19.1,100,0,0.7,0.2
2025-08-04 19:49:02,19.1,100,0,0.7,0.3
2025-08-04 19:50:02,19.2,100,0,0.7,0.2
2025-08-04 19:51:02,19.1,100,0,0.7,0.2
2025-08-04 19:52:02,19.2,100,0,0.7,0.1
2025-08-04 19:53:00,19.1,100,0,0.7,0.1
2025-08-04 19:54:03,19.1,100,0,0.7,0.1
2025-08-04 19:55:04,19.1,100,0,0.7,0.1
2025-08-04 19:56:03,19.1,100,0,0.7,0.1
2025-08-04 19:57:01,19.1,100,0,0.7,0.2
2025-08-04 19:58:03,19.1,100,0.89,1.4,0.1
2025-08-04 19:59:03,19.2,100,0,2.1,0.1
2025-08-04 20:00:01,19.3,100,0,2.1,0
2025-08-04 20:01:00,19.4,100,0,2.1,0
2025-08-04 20:02:03,19.5,100,0,2.1,0
2025-08-04 20:03:01,19.6,100,0,2.1,0
2025-08-04 20:04:00,19.8,100,0,2.1,0
2025-08-04 20:05:07,19.9,100,0,2.1,0
2025-08-04 20:06:00,20,100,0,2.1,0
2025-08-04 20:07:02,20.2,100,0,2.1,0
2025-08-04 20:08:00,20.3,100,0,2.1,0
2025-08-05 05:59:40,20.4,97.5,0,0,5.2
2025-08-05 06:00:40,20.4,96.3,0,0.7,5.2
2025-08-05 06:01:40,20.3,97.1,1.33,1.4,5.6
2025-08-05 06:02:40,20.2,97.6,0,1.4,6.4
2025-08-05 06:03:40,20,98,0,1.4,7.2
2025-08-05 06:04:40,19.7,99.1,0,1.4,8
2025-08-05 06:05:40,19.6,100,0,1.4,10.1
2025-08-05 06:06:39,19.4,100,0,1.4,12.5
2025-08-05 06:07:41,19.3,100,0,1.4,15.3
2025-08-05 06:08:40,19.2,100,0,1.4,18
2025-08-05 06:09:40,19.1,100,0,1.4,22.1
2025-08-05 06:10:39,19.1,100,0,1.4,26.5
2025-08-05 06:11:41,19,100,0,1.4,32.8
2025-08-05 06:12:39,19,100,0,1.4,40.2
2025-08-05 06:13:38,18.9,100,0,1.4,50.3
2025-08-05 06:14:37,18.9,100,0,1.4,62.7
2025-08-05 06:15:38,18.9,100,0,1.4,77.1
2025-08-05 06:16:39,18.9,100,0,1.4,95.6
2025-08-05 06:17:43,18.8,100,0,1.4,118.4
2025-08-05 06:18:38,18.8,100,0,1.4,145.9
2025-08-05 06:19:39,18.8,100,0,1.4,178.5
2025-08-05 06:20:38,18.7,100,0,1.4,210
2025-08-05 06:21:41,18.7,100,0,1.4,260.4
2025-08-05 06:22:40,18.7,100,0,1.4,310.9
2025-08-05 06:23:38,18.7,100,0,1.4,380.1
2025-08-05 06:24:40,18.7,100,0,1.4,470.2
2025-08-05 06:25:40,18.7,100,0,1.4,580
2025-08-05 06:26:39,18.7,100,0,1.4,705.6
2025-08-05 06:27:38,18.6,100,0,1.4,830.8
2025-08-05 06:28:41,18.6,100,0,1.4,965.4
2025-08-05 06:29:40,18.6,100,0,1.4,1100.7
2025-08-05 06:30:40,18.6,100,0,1.4,1260.3
2025-08-05 06:31:38,18.5,100,0,1.4,1425.6
2025-08-05 06:32:41,18.6,100,0,1.4,1580.4
2025-08-05 06:33:38,18.6,100,0,1.4,1750.9
2025-08-05 06:34:38,18.5,100,0,1.4,1950.2
2025-08-05 06:35:40,18.5,100,0,1.4,2150.8
2025-08-05 06:36:38,18.5,100,0,1.4,2370.6
2025-08-05 06:37:41,18.5,100,0,1.4,2605.2
2025-08-05 06:38:38,18.6,100,0,1.4,2840
2025-08-05 06:39:38,18.6,100,0,1.4,3050.7
2025-08-05 06:40:38,18.6,100,0,1.4,3255.1
2025-08-05 06:41:37,18.6,100,0,1.4,3480.6
2025-08-05 06:42:39,18.6,100,0,1.4,3700.9
2025-08-05 06:43:38,18.6,100,0,1.4,3922.3
2025-08-05 06:44:40,18.6,100,0,1.4,4150.4
2025-08-05 06:45:39,18.6,100,0,1.4,4355.9
2025-08-05 06:46:40,18.6,100,0,1.4,4567.1
2025-08-05 06:47:38,18.6,100,0,1.4,4775.6
2025-08-05 06:48:39,18.6,100,0,1.4,4980.3
2025-08-05 06:49:38,18.6,100,0,1.4,5180
2025-08-05 06:50:40,18.7,100,0,1.4,5370.4
2025-08-05 06:51:40,18.7,100,0,1.4,5560.8
2025-08-05 06:52:39,18.7,100,0,1.4,5752.3
2025-08-05 06:53:40,18.7,100,0,1.4,5922.6
2025-08-05 06:54:40,18.7,100,0,1.4,6100.7
2025-08-05 06:55:39,18.7,100,0,1.4,6275
2025-08-05 06:56:38,18.8,100,0,1.4,6422.2
2025-08-05 06:57:40,18.8,100,0,1.4,6550.5
2025-08-05 06:58:40,18.8,100,0,1.4,6678.9
2025-08-05 06:59:39,18.8,100,0,1.4,6800
2025-08-05 07:00:40,18.8,100,0,1.4,2.5
2025-08-05 19:00:04,25.3,80.8,0,0,2.2
2025-08-05 19:01:03,25.3,81.3,1.11,0.7,2
2025-08-05 19:02:03,25.1,82.3,4,0.7,1.9
2025-08-05 19:03:03,24.9,82.2,4.89,0.7,2.1
2025-08-05 19:04:02,24.7,83.6,0.67,0.7,1.8
2025-08-05 19:06:14,24.4,84.4,0.89,0.7,1.6
2025-08-05 19:07:27,24.3,84.9,0.22,0.7,1.6
2025-08-05 19:08:03,24.3,85.3,1.11,0.7,1.7
2025-08-05 19:09:06,24.2,85.4,0.22,0.7,1.5
2025-08-05 19:10:03,24.1,85.4,1.56,0.7,1.4
2025-08-05 19:11:04,24,85.8,0.67,0.7,1.3
2025-08-05 19:12:04,24,86.6,0,0.7,1.2
2025-08-05 19:13:03,23.9,86.4,0,0.7,1.1
2025-08-05 19:14:03,23.8,84.7,0.67,0.7,1
2025-08-05 19:15:03,23.7,84.1,1.78,0.7,1.2
2025-08-05 19:16:04,23.7,84.3,0.22,0.7,1.1
2025-08-05 19:17:04,23.6,83.2,1.33,0.7,1
2025-08-05 19:18:03,23.5,82.9,4.22,0.7,0.9
2025-08-05 19:19:02,23.4,83.4,0.67,0.7,0.8
2025-08-05 19:20:05,23.4,84.4,0.44,0.7,0.8
2025-08-05 19:21:03,23.4,84.5,0,0.7,0.7
2025-08-05 19:23:07,23.4,84.7,0,0.7,0.6
2025-08-05 19:24:06,23.4,84.8,0,0.7,0.6
2025-08-05 19:25:04,23.3,84.6,0,0.7,0.7
2025-08-05 19:26:08,23.2,85.1,0,0.7,0.5
2025-08-05 19:27:01,23.2,85,0,0.7,0.5
2025-08-05 19:28:03,23.2,85.1,0,0.7,0.6
2025-08-05 19:29:03,23.2,85.6,1.33,0.7,0.4
2025-08-05 19:30:04,23.1,87.3,1.33,0.7,0.4
2025-08-05 19:31:03,23.1,88.7,0,0.7,0.5
2025-08-05 19:32:03,23.1,88.4,0,0.7,0.4
2025-08-05 19:33:03,23.1,88.4,0,0.7,0.3
2025-08-05 19:34:03,23.1,88.4,0,0.7,0.3
2025-08-05 19:35:01,23.1,89,0,0.7,0.4
2025-08-05 19:36:03,23.1,89.1,0,0.7,0.3
2025-08-05 19:37:03,23.1,89.9,0,0.7,0.2
2025-08-05 19:38:03,23.1,89.7,0,0.7,0.3
2025-08-05 19:40:03,23.1,90.2,0,0.7,0.2
2025-08-05 19:41:03,23.1,90.1,0,0.7,0.2
2025-08-05 19:42:03,23.1,90.6,0,0.7,0.3
2025-08-05 19:43:03,23.1,91,0,0.7,0.2
2025-08-05 19:44:03,23.1,91.1,0,0.7,0.2
2025-08-05 19:45:03,23.1,91.5,0,0.7,0.1
2025-08-05 19:46:03,23.2,91,0,1.4,0.1
2025-08-05 19:47:03,23.2,90.1,0,1.4,0.1
2025-08-05 19:48:03,23.4,89.3,0,1.4,0.1
2025-08-05 19:49:02,23.5,90.5,0,1.4,0.1
2025-08-05 19:50:03,23.7,92.3,3.56,1.4,0.2
2025-08-05 19:51:03,23.7,93.8,0,1.4,0.1
2025-08-05 19:52:02,23.7,91.5,0,1.4,0.1
2025-08-05 19:53:02,23.7,92.1,0,1.4,0
2025-08-05 19:54:03,23.8,90.9,0,1.4,0
2025-08-05 19:55:03,23.9,92.1,0,1.4,0
2025-08-05 19:56:03,23.9,93.3,0,1.4,0
2025-08-05 19:57:03,23.8,92.5,0,1.4,0
2025-08-05 19:58:05,23.7,90.1,9.56,1.4,0
2025-08-05 19:59:03,23.7,90.5,7.56,1.4,0
2025-08-05 20:00:01,23.5,91.4,14.22,1.4,0